experimento,umbral_confianza,recorte_analisis,fila,columna,x_centro_utm,y_centro_utm,xmin_utm,ymin_utm,xmax_utm,ymax_utm,area_total_ha,area_arbolada_ha,porcentaje_arbolado,area_altura_2_5_ha,area_altura_5_10_ha,area_altura_10_15_ha,area_altura_15_20_ha,area_altura_20_30_ha,area_altura_30_40_ha,detecciones_unicas,detecciones_altura_valida,detecciones_usadas_biomasa,detecciones_excluidas_biomasa,confianza_media,altura_p95_media_m,altura_p95_mediana_m,altura_p95_min_m,altura_p95_max_m,diametro_copa_medio_m,diametro_copa_mediano_m,biomasa_gimnosperma_t,biomasa_angiosperma_t,biomasa_gimnosperma_t_ha_total,biomasa_angiosperma_t_ha_total,biomasa_gimnosperma_t_ha_arbolada,biomasa_angiosperma_t_ha_arbolada,detecciones_ha_total,detecciones_ha_arbolada
conf010,0.1,PNOA_area_LiDAR_508000_4179000_512000_4183000_01_01,1,1,508228.0,4182877.0,508000.0,4182754.0,508456.0,4183000.0,11.2176,0.0,0.0,0.0,0.0,0.0,0.0,0.0,0.0,641,0,0,641,0.36786666302652105,,,,,,,0.0,0.0,0.0,0.0,,,0.0,
conf010,0.1,PNOA_area_LiDAR_508000_4179000_512000_4183000_01_02,1,2,508672.0,4182877.0,508456.0,4182754.0,508888.0,4183000.0,10.6272,0.0,0.0,0.0,0.0,0.0,0.0,0.0,0.0,325,0,0,325,0.35228772,,,,,,,0.0,0.0,0.0,0.0,,,0.0,
conf010,0.1,PNOA_area_LiDAR_508000_4179000_512000_4183000_01_03,1,3,509104.0,4182877.0,508888.0,4182754.0,509320.0,4183000.0,10.6272,2.446,23.01641071966275,1.322,0.8028,0.2737,0.0474,0.0001,0.0,413,266,264,149,0.3624878813559322,9.161118191883975,8.084094524383545,2.2777557373046875,18.607873916625977,9.63910164679941,8.97822906034454,105.22833668471289,45.0301407554955,9.901793199028237,4.237253533903145,43.02057918426528,18.409705950734054,24.841915085817526,107.9313164349959
conf010,0.1,PNOA_area_LiDAR_508000_4179000_512000_4183000_01_04,1,4,509536.0,4182877.0,509320.0,4182754.0,509752.0,4183000.0,10.6272,4.5322,42.647169527250824,2.2391,1.9108,0.3588,0.0235,0.0,0.0,423,421,421,2,0.31496801891252957,9.847370806895638,9.702047348022461,2.2281463146209717,16.881317138671875,9.50045352331637,9.143667718583192,173.28755031451865,72.71032857099806,16.306040190691682,6.841908364479642,38.234753610722976,16.043053830589574,39.61532670882264,92.8908697762676
conf010,0.1,PNOA_area_LiDAR_508000_4179000_512000_4183000_01_05,1,5,509968.0,4182877.0,509752.0,4182754.0,510184.0,4183000.0,10.6272,5.4506,51.2891448358928,1.9199,2.6799,0.7993,0.0515,0.0,0.0,538,536,535,3,0.315483936802974,11.088071146118107,11.468853950500488,2.1642730236053467,18.508819580078125,8.536130903024281,8.262827919135475,228.0011769697889,95.95661402070306,21.454491961174053,9.029341126609365,41.83047315337558,17.604780028015828,50.34251731406203,98.1543316332147
conf010,0.1,PNOA_area_LiDAR_508000_4179000_512000_4183000_01_06,1,6,510400.0,4182877.0,510184.0,4182754.0,510616.0,4183000.0,10.6272,5.0543,47.56003462812405,2.0551,2.195,0.7519,0.052,0.0003,0.0,541,536,534,7,0.34756121626617376,10.866324248598582,11.521270751953125,2.3735198974609375,18.38623046875,8.991605112191557,8.455753933500635,229.44711521922457,96.53252276435636,21.590552094552145,9.083533081560182,45.39641794496262,19.099088452279517,50.248419150858176,105.65261262687218
conf010,0.1,PNOA_area_LiDAR_508000_4179000_512000_4183000_01_07,1,7,510832.0,4182877.0,510616.0,4182754.0,511048.0,4183000.0,10.6272,2.1389,20.126656127672387,1.6196,0.5025,0.0167,0.0001,0.0,0.0,373,316,316,57,0.38370499463806973,5.315265689469591,5.27056884765625,2.0010986328125,12.887603759765625,8.959813762556673,8.756726950147616,48.38794687467686,18.53428095005417,4.553216922112773,1.7440417937042845,22.622818680011623,8.665333091801473,29.735019572417947,147.73949226237787
conf010,0.1,PNOA_area_LiDAR_508000_4179000_512000_4183000_01_08,1,8,511264.0,4182877.0,511048.0,4182754.0,511480.0,4183000.0,10.6272,0.4439,4.177017464619091,0.3639,0.0781,0.0019,0.0,0.0,0.0,544,359,359,185,0.47004838235294116,2.5655604783538988,2.315277099609375,2.0023193359375,10.327545166015625,6.48475772780335,6.193502173128242,10.281076313844293,3.569623048038739,0.9674303968914006,0.335894972150589,23.160793678405707,8.041502698893307,33.78124059018368,808.7407073665239
conf010,0.1,PNOA_area_LiDAR_508000_4179000_512000_4183000_01_09,1,9,511696.0,4182877.0,511480.0,4182754.0,511912.0,4183000.0,10.6272,0.3466,3.261442336645589,0.3381,0.0085,0.0,0.0,0.0,0.0,766,478,478,288,0.43719812140992165,2.399682913864008,2.308496117591858,2.000244140625,7.4449462890625,5.85686433477587,5.69008426830724,6.567967768625919,1.8168373053480087,0.6180337030098162,0.1709610532734877,18.949705045083434,5.241884897137936,44.978922011442336,1379.1113675706865
conf010,0.1,PNOA_area_LiDAR_508000_4179000_512000_4183000_01_10,1,10,511956.0,4182877.0,511912.0,4182754.0,512000.0,4183000.0,2.1648,0.0879,4.060421286031042,0.0879,0.0,0.0,0.0,0.0,0.0,317,165,165,152,0.6008621703470032,2.419689161127264,2.36566162109375,2.0006103515625,3.43353271484375,5.466563627118432,5.408261313370515,1.937284055863725,0.5131522089119819,0.8949020952807303,0.237043703303761,22.039636585480373,5.837909088873514,76.21951219512195,1877.1331058020476
conf010,0.1,PNOA_area_LiDAR_508000_4179000_512000_4183000_02_01,2,1,508228.0,4182643.0,508000.0,4182532.0,508456.0,4182754.0,10.1232,0.0,0.0,0.0,0.0,0.0,0.0,0.0,0.0,472,0,0,472,0.3841705593220339,,,,,,,0.0,0.0,0.0,0.0,,,0.0,
conf010,0.1,PNOA_area_LiDAR_508000_4179000_512000_4183000_02_02,2,2,508672.0,4182643.0,508456.0,4182532.0,508888.0,4182754.0,9.5904,0.0,0.0,0.0,0.0,0.0,0.0,0.0,0.0,192,0,0,192,0.3414993333333333,,,,,,,0.0,0.0,0.0,0.0,,,0.0,
conf010,0.1,PNOA_area_LiDAR_508000_4179000_512000_4183000_02_03,2,3,509104.0,4182643.0,508888.0,4182532.0,509320.0,4182754.0,9.5904,2.8482,29.698448448448445,1.2237,1.1213,0.4422,0.0602,0.0008,0.0,407,258,258,149,0.3518750884520884,12.407139312389285,13.073707580566406,2.686859130859375,19.101184844970703,9.478172953241472,9.306844933490522,153.09114877331845,66.68676181270301,15.962957621508846,6.953491180003233,53.75014000888928,23.41365136321291,26.9019019019019,90.58352643775017
conf010,0.1,PNOA_area_LiDAR_508000_4179000_512000_4183000_02_04,2,4,509536.0,4182643.0,509320.0,4182532.0,509752.0,4182754.0,9.5904,1.4237,14.845053386720053,0.6864,0.6191,0.112,0.0062,0.0,0.0,127,119,118,9,0.3132039527559055,9.772027236072956,9.272241592407227,2.6913514137268066,16.746044158935547,9.919424955832351,9.219855018575123,51.25480834964585,21.585565020071208,5.344386923344787,2.250747103360778,36.00112969701893,15.161596558313695,12.30397063730397,82.8826297675072
conf010,0.1,PNOA_area_LiDAR_508000_4179000_512000_4183000_02_05,2,5,509968.0,4182643.0,509752.0,4182532.0,510184.0,4182754.0,9.5904,2.2429,23.386928595261928,1.3007,0.7981,0.1384,0.0056,0.0001,0.0,305,296,296,9,0.3737445672131148,7.568877839558834,7.802952527999878,2.0102295875549316,16.085824966430664,9.03744373311392,8.549379734319679,85.74075489243609,35.51401641807467,8.94026890353229,3.703079790006117,38.2276315896545,15.833972276104447,30.864197530864196,131.9720005350216
conf010,0.1,PNOA_area_LiDAR_508000_4179000_512000_4183000_02_06,2,6,510400.0,4182643.0,510184.0,4182532.0,510616.0,4182754.0,9.5904,2.6509,27.641182849516184,1.4408,0.9549,0.2388,0.0164,0.0,0.0,223,220,220,3,0.368370264573991,8.646609322591262,8.392581462860107,2.2822265625,17.873523712158203,9.45585242768695,9.133968173235758,76.54657346405477,31.963373015138185,7.981582985491197,3.332850873283511,28.875692581408114,12.057555175652867,22.939606272939603,82.99068240974763
conf010,0.1,PNOA_area_LiDAR_508000_4179000_512000_4183000_02_07,2,7,510832.0,4182643.0,510616.0,4182532.0,511048.0,4182754.0,9.5904,1.0565,11.016224557891224,0.6863,0.368,0.0022,0.0,0.0,0.0,216,160,158,58,0.3922333333333333,5.090660797059536,5.323367118835449,2.036376953125,10.21923828125,9.599840142623151,8.667372056270283,29.999845107473764,12.028795161124773,3.128111977339189,1.2542537497001973,28.39549939183508,11.385513640439918,16.474808141474806,149.55040227165168
conf010,0.1,PNOA_area_LiDAR_508000_4179000_512000_4183000_02_08,2,8,511264.0,4182643.0,511048.0,4182532.0,511480.0,4182754.0,9.5904,1.5871,16.54884050717384,1.2286,0.3427,0.0156,0.0002,0.0,0.0,272,241,241,31,0.3734306911764706,4.473387886379764,3.5280518531799316,2.004150390625,12.005663871765137,9.054176640136733,8.821101815983983,29.728478132234017,11.31196604252581,3.099816288396106,1.1795093054018404,18.731320100960254,7.127443792152864,25.129295962629293,151.84928485917712
conf010,0.1,PNOA_area_LiDAR_508000_4179000_512000_4183000_02_09,2,9,511696.0,4182643.0,511480.0,4182532.0,511912.0,4182754.0,9.5904,0.4551,4.74537037037037,0.4196,0.0355,0.0,0.0,0.0,0.0,424,214,214,210,0.39223524528301884,2.950183389342834,2.437817335128784,2.0006103515625,8.260717391967773,6.501113428289862,5.8038896557766275,7.53465330233846,2.5047417936612506,0.7856453643579474,0.2611717752816619,16.55603889768943,5.503717410813559,22.31398064731398,470.22632388486045
conf010,0.1,PNOA_area_LiDAR_508000_4179000_512000_4183000_02_10,2,10,511956.0,4182643.0,511912.0,4182532.0,512000.0,4182754.0,1.9536,0.0856,4.381654381654381,0.0779,0.0077,0.0,0.0,0.0,0.0,216,131,131,85,0.6146652268518519,2.5042016833793115,2.343963623046875,2.0140380859375,9.496594429016113,5.915918472031289,5.916642586084368,2.2105818628731218,0.6520424528659733,1.1315427226009018,0.3337645643253344,25.824554472816843,7.617318374602492,67.05569205569205,1530.373831775701
conf010,0.1,PNOA_area_LiDAR_508000_4179000_512000_4183000_03_01,3,1,508228.0,4182421.0,508000.0,4182310.0,508456.0,4182532.0,10.1232,0.0,0.0,0.0,0.0,0.0,0.0,0.0,0.0,279,0,0,279,0.4282806523297491,,,,,,,0.0,0.0,0.0,0.0,,,0.0,
conf010,0.1,PNOA_area_LiDAR_508000_4179000_512000_4183000_03_02,3,2,508672.0,4182421.0,508456.0,4182310.0,508888.0,4182532.0,9.5904,0.0,0.0,0.0,0.0,0.0,0.0,0.0,0.0,196,0,0,196,0.3693006836734694,,,,,,,0.0,0.0,0.0,0.0,,,0.0,
conf010,0.1,PNOA_area_LiDAR_508000_4179000_512000_4183000_03_03,3,3,509104.0,4182421.0,508888.0,4182310.0,509320.0,4182532.0,9.5904,1.6495,17.19949115782449,0.7149,0.7289,0.1919,0.0136,0.0002,0.0,252,158,157,95,0.31129255158730157,10.948178938672513,10.768287658691406,3.340191602706909,18.928924560546875,9.63491969071315,9.037984487989535,77.01189882235575,32.814966617016914,8.030102896892283,3.421647336609204,46.68802596080979,19.89388700637582,16.370537203870537,95.18035768414671
conf010,0.1,PNOA_area_LiDAR_508000_4179000_512000_4183000_03_04,3,4,509536.0,4182421.0,509320.0,4182310.0,509752.0,4182532.0,9.5904,3.801,39.63338338338338,1.8351,1.7009,0.2569,0.0081,0.0,0.0,344,343,342,2,0.3191334156976744,9.24807261864576,9.34613037109375,2.8333740234375,16.905115127563477,8.978382074284069,8.682202168797227,115.29667719462365,47.389378937812815,12.022092633740371,4.941334974329831,30.333248406899145,12.467608244623207,35.66066066066066,89.97632202052091
conf010,0.1,PNOA_area_LiDAR_508000_4179000_512000_4183000_03_05,3,5,509968.0,4182421.0,509752.0,4182310.0,510184.0,4182532.0,9.5904,4.6496,48.481815148481815,2.2921,1.9414,0.3996,0.0165,0.0,0.0,485,483,482,3,0.33380543917525773,9.868703215265374,10.098302841186523,2.015869140625,18.170360565185547,8.839365999106834,8.538342088815446,173.75601574295894,71.61334129829713,18.117702675900787,7.4671902421480985,37.37009973824822,15.40204346573837,50.258591925258585,103.66483138334479
conf010,0.1,PNOA_area_LiDAR_508000_4179000_512000_4183000_03_06,3,6,510400.0,4182421.0,510184.0,4182310.0,510616.0,4182532.0,9.5904,1.244,12.971304637971304,0.89,0.3135,0.0371,0.0034,0.0,0.0,152,145,144,8,0.39919261842105264,7.441325163019115,6.7042236328125,2.3509521484375,17.50244140625,10.330430406564883,10.121049516349746,45.26781146102235,18.664492569080682,4.720117144334162,1.9461641400859901,36.38891596545205,15.003611389936239,15.015015015015013,115.7556270096463
conf010,0.1,PNOA_area_LiDAR_508000_4179000_512000_4183000_03_07,3,7,510832.0,4182421.0,510616.0,4182310.0,511048.0,4182532.0,9.5904,2.8115,29.315774107440774,1.5967,0.9688,0.2395,0.0065,0.0,0.0,288,283,283,5,0.35569222222222224,8.382570816855548,8.597216606140137,2.1968016624450684,16.493383407592773,9.368605176130954,9.309088521153004,88.06709717296744,36.089335084592726,9.182838794311753,3.763068806785194,31.323883042136735,12.836327613228784,29.508675342008672,100.65801173750667
conf010,0.1,PNOA_area_LiDAR_508000_4179000_512000_4183000_03_08,3,8,511264.0,4182421.0,511048.0,4182310.0,511480.0,4182532.0,9.5904,2.3472,24.474474474474473,1.0931,1.0232,0.2247,0.0062,0.0,0.0,348,291,291,57,0.3250061091954023,8.113827349803701,8.402490615844727,2.0037841796875,16.04547691345215,8.963404571835133,8.851418635821295,82.18825592489466,33.55689471550381,8.569846505348542,3.4990088750733865,35.015446457436376,14.296563869931752,30.342842842842842,123.97750511247445
conf010,0.1,PNOA_area_LiDAR_508000_4179000_512000_4183000_03_09,3,9,511696.0,4182421.0,511480.0,4182310.0,511912.0,4182532.0,9.5904,1.0532,10.981815148481813,0.949,0.1036,0.0006,0.0,0.0,0.0,502,398,397,105,0.45115986454183266,3.0582980582462485,2.596221923828125,2.0008544921875,9.271240234375,7.331090884937673,6.5681090786107585,17.074472433098283,5.787345463649399,1.780371249697435,0.6034519377345469,16.211994334502737,5.495010884589251,41.39556222889556,376.9464489175845
conf010,0.1,PNOA_area_LiDAR_508000_4179000_512000_4183000_03_10,3,10,511956.0,4182421.0,511912.0,4182310.0,512000.0,4182532.0,1.9536,0.1019,5.216011466011467,0.1002,0.0017,0.0,0.0,0.0,0.0,255,161,161,94,0.5969778509803921,2.413199029353835,2.38177490234375,2.00732421875,4.5577392578125,6.021732710335393,6.145930427631195,2.246379703658461,0.6092358786672777,1.1498667606769353,0.31185292724574,22.044943117354865,5.978762302917347,82.41195741195742,1579.9803729146222
conf010,0.1,PNOA_area_LiDAR_508000_4179000_512000_4183000_04_01,4,1,508228.0,4182199.0,508000.0,4182088.0,508456.0,4182310.0,10.1232,0.0,0.0,0.0,0.0,0.0,0.0,0.0,0.0,158,0,0,158,0.38029211392405066,,,,,,,0.0,0.0,0.0,0.0,,,0.0,
conf010,0.1,PNOA_area_LiDAR_508000_4179000_512000_4183000_04_02,4,2,508672.0,4182199.0,508456.0,4182088.0,508888.0,4182310.0,9.5904,0.0,0.0,0.0,0.0,0.0,0.0,0.0,0.0,241,0,0,241,0.3691101867219917,,,,,,,0.0,0.0,0.0,0.0,,,0.0,
conf010,0.1,PNOA_area_LiDAR_508000_4179000_512000_4183000_04_03,4,3,509104.0,4182199.0,508888.0,4182088.0,509320.0,4182310.0,9.5904,4.9632,51.75175175175174,1.8533,2.6618,0.4464,0.0017,0.0,0.0,456,431,431,25,0.30497763157894736,9.64888833072512,9.786059379577637,3.3740265369415283,15.237146377563477,8.442741196497378,8.200978443254142,136.38851740594595,55.12481915552633,14.22135858837441,5.747916578612605,27.479955957032953,11.106709210897472,44.940774107440774,86.83913604126371
conf010,0.1,PNOA_area_LiDAR_508000_4179000_512000_4183000_04_04,4,4,509536.0,4182199.0,509320.0,4182088.0,509752.0,4182310.0,9.5904,4.6778,48.775859192525864,2.581,1.958,0.1358,0.003,0.0,0.0,281,280,279,2,0.3099546975088968,8.292716614689146,8.226826667785645,2.465679883956909,17.047588348388672,9.222325348315348,8.882093731941918,81.50720367347049,32.88954778967971,8.498832548535043,3.42942398541038,17.424260052475624,7.030986316148554,29.09159159159159,59.643422121510106
conf010,0.1,PNOA_area_LiDAR_508000_4179000_512000_4183000_04_05,4,5,509968.0,4182199.0,509752.0,4182088.0,510184.0,4182310.0,9.5904,6.063,63.21946946946946,3.7594,2.1056,0.1776,0.0182,0.0022,0.0,420,418,418,2,0.3135449880952381,7.90905362396149,7.686201572418213,2.64599609375,21.63117027282715,8.974484602594337,8.804417178195395,106.93153762472888,42.61556857815708,11.149851687596854,4.443565292183546,17.636737196887495,7.028792442381178,43.58525191858525,68.94276760679531
conf010,0.1,PNOA_area_LiDAR_508000_4179000_512000_4183000_04_06,4,6,510400.0,4182199.0,510184.0,4182088.0,510616.0,4182310.0,9.5904,3.2102,33.473056389723055,1.7863,1.1476,0.2442,0.0319,0.0002,0.0,301,297,297,4,0.34264112292358806,8.310827566718412,7.6937255859375,2.061511278152466,19.368091583251953,9.5537416200471,9.387120073616822,106.14708045926868,45.212309739475074,11.06805560344393,4.714329927789777,33.06556615141383,14.08395418960659,30.968468468468465,92.51760014952339
conf010,0.1,PNOA_area_LiDAR_508000_4179000_512000_4183000_04_07,4,7,510832.0,4182199.0,510616.0,4182088.0,511048.0,4182310.0,9.5904,4.703,49.03862195528862,2.0159,1.6121,0.9761,0.0989,0.0,0.0,479,478,478,1,0.33876109394572024,10.013336318806125,10.762042045593262,2.0352845191955566,18.6202449798584,8.884654966300578,8.773756626703918,185.26181108721266,78.1541876870714,19.31742274432898,8.1492104278311,39.39226261688553,16.617943373819134,49.84150817484151,101.63725281735061
conf010,0.1,PNOA_area_LiDAR_508000_4179000_512000_4183000_04_08,4,8,511264.0,4182199.0,511048.0,4182088.0,511480.0,4182310.0,9.5904,1.3405,13.977519185852518,0.5778,0.6783,0.0836,0.0008,0.0,0.0,436,223,223,213,0.27786606651376144,7.04096207918073,7.8826904296875,2.007080078125,15.514660835266113,8.569573258468969,8.450272117541662,46.47922361234572,18.34398555459819,4.846432225177857,1.9127445731771553,34.67305006515906,13.68443532607101,23.25241908575242,166.35583737411415
conf010,0.1,PNOA_area_LiDAR_508000_4179000_512000_4183000_04_09,4,9,511696.0,4182199.0,511480.0,4182088.0,511912.0,4182310.0,9.5904,0.4224,4.404404404404405,0.3632,0.0535,0.0057,0.0,0.0,0.0,532,219,219,313,0.39500861278195487,3.0031350366601117,2.514941453933716,2.0009765625,13.626001358032227,7.684672693118253,7.018742479414499,10.182157026189314,3.583237090986104,1.0617030599546748,0.37362749113552135,24.105485383970915,8.483042355554224,22.835335335335333,518.4659090909091
conf010,0.1,PNOA_area_LiDAR_508000_4179000_512000_4183000_04_10,4,10,511956.0,4182199.0,511912.0,4182088.0,512000.0,4182310.0,1.9536,0.0634,3.245290745290745,0.0634,0.0,0.0,0.0,0.0,0.0,234,101,101,133,0.5476210555555555,2.3960721681613735,2.381823778152466,2.0118408203125,3.1590819358825684,5.582296827615782,5.438185028420279,1.2375527894032148,0.3305778320041779,0.6334729675487382,0.16921469697183553,19.51976008522421,5.214161388078516,51.6994266994267,1593.0599369085173
conf010,0.1,PNOA_area_LiDAR_508000_4179000_512000_4183000_05_01,5,1,508228.0,4181977.0,508000.0,4181866.0,508456.0,4182088.0,10.1232,0.0,0.0,0.0,0.0,0.0,0.0,0.0,0.0,305,0,0,305,0.39394367540983605,,,,,,,0.0,0.0,0.0,0.0,,,0.0,
conf010,0.1,PNOA_area_LiDAR_508000_4179000_512000_4183000_05_02,5,2,508672.0,4181977.0,508456.0,4181866.0,508888.0,4182088.0,9.5904,0.0,0.0,0.0,0.0,0.0,0.0,0.0,0.0,238,0,0,238,0.3272084915966387,,,,,,,0.0,0.0,0.0,0.0,,,0.0,
conf010,0.1,PNOA_area_LiDAR_508000_4179000_512000_4183000_05_03,5,3,509104.0,4181977.0,508888.0,4181866.0,509320.0,4182088.0,9.5904,5.1657,53.86323823823823,2.1417,2.4799,0.5299,0.0142,0.0,0.0,625,426,426,199,0.3282061696,10.281748865691709,10.367651462554932,3.1402649879455566,17.427692413330078,8.75920866902002,8.56031832276884,160.94726694821347,66.62137230153733,16.782122429535104,6.946672954364503,31.156913283429827,12.89687211830678,44.41941941941942,82.4670422208026
conf010,0.1,PNOA_area_LiDAR_508000_4179000_512000_4183000_05_04,5,4,509536.0,4181977.0,509320.0,4181866.0,509752.0,4182088.0,9.5904,2.3481,24.48385885885886,1.2148,0.9084,0.2199,0.005,0.0,0.0,189,181,180,9,0.3057485502645503,8.930231671306968,9.0510892868042,2.608071804046631,16.44515037536621,9.3113474206093,8.840590360961777,60.518749043312106,24.90184250509105,6.310346705383727,2.5965384660797306,25.77349731413147,10.605103064218325,18.768768768768766,76.65772326561901
conf010,0.1,PNOA_area_LiDAR_508000_4179000_512000_4183000_05_05,5,5,509968.0,4181977.0,509752.0,4181866.0,510184.0,4182088.0,9.5904,4.7246,49.26384718051384,2.5644,1.9451,0.2102,0.0049,0.0,0.0,388,388,387,1,0.33948600773195875,8.662320642127204,8.625024318695068,2.399523973464966,15.044039726257324,9.257383724801638,8.945611211943001,120.92688351142729,49.175050721968226,12.609159525298974,5.127528645517207,25.595158005212568,10.408299268079462,40.35285285285285,81.91169622825213
conf010,0.1,PNOA_area_LiDAR_508000_4179000_512000_4183000_05_06,5,6,510400.0,4181977.0,510184.0,4181866.0,510616.0,4182088.0,9.5904,3.7202,38.790874207540874,1.9145,1.5082,0.2894,0.0081,0.0,0.0,484,467,467,17,0.3292938347107438,8.60982485705831,8.951507568359375,2.07958984375,17.525976181030273,9.040186457378057,8.853125075952683,142.0952736084314,57.84926328563932,14.816407408286556,6.031996922509938,38.19560066889721,15.550041203601772,48.69452786119452,125.53088543626686
conf010,0.1,PNOA_area_LiDAR_508000_4179000_512000_4183000_05_07,5,7,510832.0,4181977.0,510616.0,4181866.0,511048.0,4182088.0,9.5904,3.6528,38.088088088088085,1.7913,1.4341,0.4173,0.0101,0.0,0.0,451,413,413,38,0.34045870066518846,8.303926023386293,8.960931777954102,2.0623779296875,16.455652236938477,9.014524586198672,8.954483135333968,125.74769032466219,51.79743394091809,13.111829571724034,5.4009670025148155,34.425013777010015,14.18019983051853,43.063897230563896,113.06395094174331
conf010,0.1,PNOA_area_LiDAR_508000_4179000_512000_4183000_05_08,5,8,511264.0,4181977.0,511048.0,4181866.0,511480.0,4182088.0,9.5904,0.7695,8.023648648648647,0.6145,0.1519,0.0031,0.0,0.0,0.0,395,227,227,168,0.30806287341772154,4.128861106964985,2.972796678543091,2.0137939453125,10.762725830078125,9.00949873302944,8.876849906226973,19.64871498106634,7.014456691672129,2.048789933794872,0.7314039760252053,25.534392438032935,9.115603238040455,23.6695028361695,294.996751137102
conf010,0.1,PNOA_area_LiDAR_508000_4179000_512000_4183000_05_09,5,9,511696.0,4181977.0,511480.0,4181866.0,511912.0,4182088.0,9.5904,0.5505,5.740115115115114,0.5103,0.0402,0.0,0.0,0.0,0.0,524,305,304,220,0.38937852290076336,2.8558247480236116,2.487548828125,2.0028076171875,7.59112548828125,7.534382357916641,6.8774273389003,11.793383325243946,3.9091498268814693,1.2297071368497607,0.4076107176845042,21.423039646219703,7.101089603781053,31.698365031698362,552.2252497729337
conf010,0.1,PNOA_area_LiDAR_508000_4179000_512000_4183000_05_10,5,10,511956.0,4181977.0,511912.0,4181866.0,512000.0,4182088.0,1.9536,0.0921,4.714373464373464,0.0921,0.0,0.0,0.0,0.0,0.0,295,169,169,126,0.5864519593220339,2.380639434566159,2.3208861351013184,2.0016541481018066,3.091076612472534,5.947451018619892,5.937171479275734,2.2245289040586695,0.5960023113383605,1.138681871446903,0.30507898819531143,24.15340829596818,6.4712520232178115,86.5069615069615,1834.9619978284472
conf010,0.1,PNOA_area_LiDAR_508000_4179000_512000_4183000_06_01,6,1,508228.0,4181755.0,508000.0,4181644.0,508456.0,4181866.0,10.1232,0.0,0.0,0.0,0.0,0.0,0.0,0.0,0.0,542,0,0,542,0.37043715682656825,,,,,,,0.0,0.0,0.0,0.0,,,0.0,
conf010,0.1,PNOA_area_LiDAR_508000_4179000_512000_4183000_06_02,6,2,508672.0,4181755.0,508456.0,4181644.0,508888.0,4181866.0,9.5904,0.0,0.0,0.0,0.0,0.0,0.0,0.0,0.0,100,0,0,100,0.36116022,,,,,,,0.0,0.0,0.0,0.0,,,0.0,
conf010,0.1,PNOA_area_LiDAR_508000_4179000_512000_4183000_06_03,6,3,509104.0,4181755.0,508888.0,4181644.0,509320.0,4181866.0,9.5904,1.0337,10.778486820153486,0.4349,0.5501,0.0484,0.0003,0.0,0.0,114,73,72,42,0.28147294736842104,9.171430796793063,9.114526748657227,4.916052341461182,13.877667427062988,10.289409030934522,10.341848529113157,30.75221342686209,12.932705424643727,3.20656212742556,1.3485053203874422,29.74965021462909,12.511081962507232,7.507507507507507,69.65270387926864
conf010,0.1,PNOA_area_LiDAR_508000_4179000_512000_4183000_06_04,6,4,509536.0,4181755.0,509320.0,4181644.0,509752.0,4181866.0,9.5904,3.7989,39.611486486486484,2.5108,1.1148,0.1611,0.0122,0.0,0.0,330,327,326,4,0.3379545333333333,8.566115854712436,8.389398574829102,2.62677001953125,16.7442684173584,9.322782862719684,9.014899631774803,104.55305205143766,43.1482765055875,10.901844766791546,4.499111247245944,27.521927940045185,11.358097477055859,33.99232565899232,85.81431467003605
conf010,0.1,PNOA_area_LiDAR_508000_4179000_512000_4183000_06_05,6,5,509968.0,4181755.0,509752.0,4181644.0,510184.0,4181866.0,9.5904,5.6535,58.94957457457457,3.4553,1.8587,0.3166,0.0228,0.0001,0.0,503,501,500,3,0.30845976739562625,8.88948078926452,8.7364501953125,2.1558837890625,17.603221893310547,8.995844949888012,8.774983267562526,159.6537405458521,65.60497484066096,16.647245218745002,6.840692238140323,28.239805526815616,11.604311460274335,52.13546880213546,88.44078889183692
conf010,0.1,PNOA_area_LiDAR_508000_4179000_512000_4183000_06_06,6,6,510400.0,4181755.0,510184.0,4181644.0,510616.0,4181866.0,9.5904,5.2536,54.77977977977977,1.9631,2.2894,0.8879,0.1119,0.0013,0.0,684,678,678,6,0.32812867251461986,11.382674918765515,11.959396362304688,2.0731201171875,18.948083877563477,8.550175253730941,8.357044488667452,305.37677616294314,129.90748348161276,31.841922773079656,13.5455751044391,58.127146368764876,24.7273266867696,70.69569569569569,129.05436272270444
conf010,0.1,PNOA_area_LiDAR_508000_4179000_512000_4183000_06_07,6,7,510832.0,4181755.0,510616.0,4181644.0,511048.0,4181866.0,9.5904,4.361,45.47255588922255,1.5581,2.0722,0.7043,0.0264,0.0,0.0,566,547,547,19,0.3430025,10.30088420977758,11.137463569641113,2.0035400390625,17.046361923217773,8.705675706259814,8.312570894874794,212.5391583981596,88.88305401571755,22.161657323798757,9.267919379349927,48.73633533551011,20.381346942379626,57.0362028695362,125.4299472598028
conf010,0.1,PNOA_area_LiDAR_508000_4179000_512000_4183000_06_08,6,8,511264.0,4181755.0,511048.0,4181644.0,511480.0,4181866.0,9.5904,0.8005,8.346888555221888,0.5781,0.2141,0.0083,0.0,0.0,0.0,401,242,242,159,0.30958827930174565,5.011772575457234,3.843310594558716,2.019775390625,10.987060546875,9.47013574879352,9.157654678034191,34.80225826569384,13.305747591931972,3.6288641001098845,1.387402776936517,43.47565055052322,16.62179586749778,25.233566900233566,302.3110555902561
conf010,0.1,PNOA_area_LiDAR_508000_4179000_512000_4183000_06_09,6,9,511696.0,4181755.0,511480.0,4181644.0,511912.0,4181866.0,9.5904,0.127,1.324240907574241,0.1256,0.0014,0.0,0.0,0.0,0.0,363,87,87,276,0.34598430578512396,2.929372362706853,2.69622802734375,2.0032958984375,5.113549709320068,8.105112563968273,7.90304654588118,3.26934482071964,1.0277889243875136,0.34089764980810394,0.10716851480517116,25.742872604091655,8.092826176279635,9.071571571571571,685.0393700787401
conf010,0.1,PNOA_area_LiDAR_508000_4179000_512000_4183000_06_10,6,10,511956.0,4181755.0,511912.0,4181644.0,512000.0,4181866.0,1.9536,0.0387,1.980958230958231,0.0309,0.0078,0.0,0.0,0.0,0.0,282,76,76,206,0.4825424787234043,2.439739111222719,2.257376194000244,2.000244140625,7.49615478515625,5.624735093428142,5.643319275098647,1.297345836650484,0.39913002353324256,0.6640795642150307,0.20430488510096365,33.523148233862635,10.313437300600583,38.9025389025389,1963.8242894056848
conf010,0.1,PNOA_area_LiDAR_508000_4179000_512000_4183000_07_01,7,1,508228.0,4181533.0,508000.0,4181422.0,508456.0,4181644.0,10.1232,0.0,0.0,0.0,0.0,0.0,0.0,0.0,0.0,697,0,0,697,0.37133818364418936,,,,,,,0.0,0.0,0.0,0.0,,,0.0,
conf010,0.1,PNOA_area_LiDAR_508000_4179000_512000_4183000_07_02,7,2,508672.0,4181533.0,508456.0,4181422.0,508888.0,4181644.0,9.5904,0.0,0.0,0.0,0.0,0.0,0.0,0.0,0.0,227,0,0,227,0.3975358854625551,,,,,,,0.0,0.0,0.0,0.0,,,0.0,
conf010,0.1,PNOA_area_LiDAR_508000_4179000_512000_4183000_07_03,7,3,509104.0,4181533.0,508888.0,4181422.0,509320.0,4181644.0,9.5904,0.0,0.0,0.0,0.0,0.0,0.0,0.0,0.0,5,0,0,5,0.128491,,,,,,,0.0,0.0,0.0,0.0,,,0.0,
conf010,0.1,PNOA_area_LiDAR_508000_4179000_512000_4183000_07_04,7,4,509536.0,4181533.0,509320.0,4181422.0,509752.0,4181644.0,9.5904,3.7154,38.74082415749082,1.4581,1.6002,0.5644,0.0856,0.0071,0.0,399,395,395,4,0.3336012180451128,12.362933151631415,12.1180419921875,4.2557373046875,22.97429847717285,8.721711492175459,8.450077618568901,208.99014530416238,90.47535431599977,21.79159840091783,9.433950024607917,56.24970267108855,24.35144380578128,41.18702035368702,106.31425956828336
conf010,0.1,PNOA_area_LiDAR_508000_4179000_512000_4183000_07_05,7,5,509968.0,4181533.0,509752.0,4181422.0,510184.0,4181644.0,9.5904,6.3848,66.5749082415749,2.2048,2.7657,1.187,0.2167,0.0106,0.0,771,767,767,4,0.3339238651102464,12.925887398178917,13.15045166015625,2.405834913253784,22.005151748657227,8.51717882247589,8.209970741228794,418.95370667704833,181.83011005617837,43.684695808000534,18.95959606024549,65.61735789328536,28.47859135073587,79.9758091424758,120.12905650920936
conf010,0.1,PNOA_area_LiDAR_508000_4179000_512000_4183000_07_06,7,6,510400.0,4181533.0,510184.0,4181422.0,510616.0,4181644.0,9.5904,7.0333,73.33687854521187,2.1256,3.3685,1.3764,0.16,0.0028,0.0,867,867,867,0,0.34716930103806226,12.627034778550971,12.705431938171387,2.261798143386841,19.735363006591797,8.26755523354649,8.080050257021792,427.31280874191276,181.95171599826827,44.55630721783374,18.972276025845456,60.75566359204254,25.870034834042098,90.4029029029029,123.27072640154694
conf010,0.1,PNOA_area_LiDAR_508000_4179000_512000_4183000_07_07,7,7,510832.0,4181533.0,510616.0,4181422.0,511048.0,4181644.0,9.5904,4.1743,43.52581748415081,1.67,1.9168,0.5557,0.0318,0.0,0.0,616,592,592,24,0.33353690746753245,9.751100976724882,10.623733520507812,2.006103515625,17.87237548828125,8.634002136855125,8.48479798143191,204.81324238595423,84.6492468809528,21.356068817354252,8.826456339772355,49.06529056032251,20.278668730314738,61.72839506172839,141.82018542031
conf010,0.1,PNOA_area_LiDAR_508000_4179000_512000_4183000_07_08,7,8,511264.0,4181533.0,511048.0,4181422.0,511480.0,4181644.0,9.5904,1.2572,13.108942275608943,1.1713,0.085,0.0009,0.0,0.0,0.0,384,271,271,113,0.3213478671875,3.938421054959737,3.4697265625,2.0023193359375,9.450872421264648,9.141585859839434,8.9528110223358,21.694407492112802,7.5988060444985575,2.262096209971722,0.7923346309328658,17.256130680967864,6.04423007039338,28.25742409075742,215.55838370983136
conf010,0.1,PNOA_area_LiDAR_508000_4179000_512000_4183000_07_09,7,9,511696.0,4181533.0,511480.0,4181422.0,511912.0,4181644.0,9.5904,0.1946,2.0291124457791123,0.1874,0.0072,0.0,0.0,0.0,0.0,209,94,94,115,0.32223127751196173,3.198096359029729,3.0090850591659546,2.029541015625,6.821612358093262,8.580079009908687,8.217015685178321,4.547807738028051,1.491597250130564,0.4742041768881434,0.15553024379906616,23.370029486269534,7.664939620403721,9.801468134801468,483.0421377183967
conf010,0.1,PNOA_area_LiDAR_508000_4179000_512000_4183000_07_10,7,10,511956.0,4181533.0,511912.0,4181422.0,512000.0,4181644.0,1.9536,0.1362,6.97174447174447,0.1223,0.0139,0.0,0.0,0.0,0.0,206,110,110,96,0.5612543300970874,2.8164580236781727,2.6243011951446533,2.0018310546875,7.123999118804932,6.090608470686295,5.892166244111582,2.83454077841033,0.9120531971988494,1.4509320118807996,0.46685769717385817,20.811606302572176,6.696425823780099,56.306306306306304,807.6358296622615
conf010,0.1,PNOA_area_LiDAR_508000_4179000_512000_4183000_08_01,8,1,508228.0,4181311.0,508000.0,4181200.0,508456.0,4181422.0,10.1232,0.0,0.0,0.0,0.0,0.0,0.0,0.0,0.0,714,0,0,714,0.39494993837535014,,,,,,,0.0,0.0,0.0,0.0,,,0.0,
conf010,0.1,PNOA_area_LiDAR_508000_4179000_512000_4183000_08_02,8,2,508672.0,4181311.0,508456.0,4181200.0,508888.0,4181422.0,9.5904,0.0,0.0,0.0,0.0,0.0,0.0,0.0,0.0,165,0,0,165,0.3682128424242424,,,,,,,0.0,0.0,0.0,0.0,,,0.0,
conf010,0.1,PNOA_area_LiDAR_508000_4179000_512000_4183000_08_03,8,3,509104.0,4181311.0,508888.0,4181200.0,509320.0,4181422.0,9.5904,0.0,0.0,0.0,0.0,0.0,0.0,0.0,0.0,3,0,0,3,0.17041866666666666,,,,,,,0.0,0.0,0.0,0.0,,,0.0,
conf010,0.1,PNOA_area_LiDAR_508000_4179000_512000_4183000_08_04,8,4,509536.0,4181311.0,509320.0,4181200.0,509752.0,4181422.0,9.5904,3.7586,39.191274607941274,2.0035,1.1145,0.4827,0.1418,0.0161,0.0,355,355,352,3,0.3441741408450704,12.181633852569151,12.814056396484375,2.6455414295196533,22.23974609375,9.002002077267315,8.837565878261769,199.92323841519715,88.11380739746174,20.846183518434803,9.18770931321548,53.19087916117628,23.44325211447394,36.70337003670337,93.65189166178897
conf010,0.1,PNOA_area_LiDAR_508000_4179000_512000_4183000_08_05,8,5,509968.0,4181311.0,509752.0,4181200.0,510184.0,4181422.0,9.5904,7.424,77.41074407741074,2.4072,3.7881,1.108,0.116,0.0047,0.0,822,822,822,0,0.3241626581508516,11.663493886771283,11.5665283203125,3.216278076171875,21.908239364624023,8.16930325433432,7.87699308993337,346.63455775682047,145.34796154666867,36.143910343345475,15.155568229340659,46.69107728405448,19.578119820402566,85.7107107107107,110.72198275862068
conf010,0.1,PNOA_area_LiDAR_508000_4179000_512000_4183000_08_06,8,6,510400.0,4181311.0,510184.0,4181200.0,510616.0,4181422.0,9.5904,7.3267,76.39618785452117,1.921,4.0834,1.2754,0.0469,0.0,0.0,868,868,868,0,0.3462780841013825,11.769547857172478,11.803106784820557,3.624438524246216,18.4122314453125,8.14058032275963,7.930714019245361,363.58524644203163,151.4122438344192,37.91137454559055,15.78789662938138,49.62469412450785,20.665817330369634,90.50717384050716,118.47079858599369
conf010,0.1,PNOA_area_LiDAR_508000_4179000_512000_4183000_08_07,8,7,510832.0,4181311.0,510616.0,4181200.0,511048.0,4181422.0,9.5904,4.9376,51.48481815148481,2.0452,2.4309,0.4499,0.0116,0.0,0.0,613,605,605,8,0.32536146003262645,9.518445001554884,9.963598251342773,2.0515503883361816,16.052906036376953,8.354076983342877,8.169723606702437,187.95716179459387,76.16538833780145,19.598469489759953,7.9418364549759595,38.06650230771911,15.42558901851131,63.083917250583916,122.52916396629942
conf010,0.1,PNOA_area_LiDAR_508000_4179000_512000_4183000_08_08,8,8,511264.0,4181311.0,511048.0,4181200.0,511480.0,4181422.0,9.5904,0.2883,3.006131131131131,0.1999,0.087,0.0014,0.0,0.0,0.0,150,74,74,76,0.32001071999999997,5.7798222561140316,6.188086032867432,2.02197265625,11.318695068359375,9.105945856297545,8.68308331379706,13.4088624931122,5.248184651509545,1.398154664363551,0.5472331343332442,46.510102300077,18.203900976446565,7.716049382716049,256.6770724939299
conf010,0.1,PNOA_area_LiDAR_508000_4179000_512000_4183000_08_09,8,9,511696.0,4181311.0,511480.0,4181200.0,511912.0,4181422.0,9.5904,0.1688,1.7600934267600934,0.1648,0.0039,0.0001,0.0,0.0,0.0,166,77,77,89,0.2951239879518072,3.2055390593293427,2.954785108566284,2.0107421875,7.8485107421875,8.197800385903259,7.739006554129681,3.379259615719972,1.0961560739354936,0.35235856853936975,0.11429722158987045,20.019310519668082,6.493815603883256,8.02886219552886,456.1611374407583
conf010,0.1,PNOA_area_LiDAR_508000_4179000_512000_4183000_08_10,8,10,511956.0,4181311.0,511912.0,4181200.0,512000.0,4181422.0,1.9536,0.0666,3.4090909090909096,0.0524,0.0123,0.0019,0.0,0.0,0.0,43,28,28,15,0.3857608372093023,4.96139656645911,3.1443389654159546,2.014404296875,11.0093994140625,7.078496895841539,6.960108456466863,3.510410333157115,1.3928685026136367,1.7968930861778845,0.7129752777506331,52.708863861217935,20.913941480685235,14.332514332514332,420.4204204204204
conf010,0.1,PNOA_area_LiDAR_508000_4179000_512000_4183000_09_01,9,1,508228.0,4181089.0,508000.0,4180978.0,508456.0,4181200.0,10.1232,0.3935,3.887110795005532,0.1316,0.1557,0.0956,0.0106,0.0,0.0,759,98,98,661,0.40416465744400526,10.74499879807842,11.708604335784912,2.0814545154571533,16.97344970703125,8.40331694063092,8.081259996341274,42.180885876360854,18.031669763355183,4.16675417618548,1.7812223173853308,107.19411912671119,45.82381134270694,9.68073336494389,249.04701397712833
conf010,0.1,PNOA_area_LiDAR_508000_4179000_512000_4183000_09_02,9,2,508672.0,4181089.0,508456.0,4180978.0,508888.0,4181200.0,9.5904,0.1739,1.8132716049382713,0.0596,0.0827,0.0285,0.0031,0.0,0.0,181,38,38,143,0.3597889281767956,10.34534039622859,10.545045375823975,3.2995879650115967,17.457836151123047,10.178073157824691,9.8929993701967,19.79466600872022,8.592931792513225,2.0640083842926487,0.8959930547749024,113.82786664013928,49.41306378673505,3.9622956289622953,218.5163887291547
conf010,0.1,PNOA_area_LiDAR_508000_4179000_512000_4183000_09_03,9,3,509104.0,4181089.0,508888.0,4180978.0,509320.0,4181200.0,9.5904,0.1556,1.6224557891224556,0.1179,0.0333,0.0044,0.0,0.0,0.0,7,7,7,0,0.24800571428571427,9.225264617374965,9.14434814453125,4.994158744812012,12.738146781921387,11.576555140069686,11.617045501585752,3.5579112600034355,1.532971768959775,0.3709867429933512,0.15984440367031352,22.865753598993802,9.852003656553824,0.7298965632298965,44.987146529562985
conf010,0.1,PNOA_area_LiDAR_508000_4179000_512000_4183000_09_04,9,4,509536.0,4181089.0,509320.0,4180978.0,509752.0,4181200.0,9.5904,4.8253,50.31385552218885,2.2365,1.8282,0.6702,0.0873,0.0026,0.0005,517,515,515,2,0.3579563810444874,11.00205671208576,11.4095458984375,2.182482957839966,18.53289794921875,8.961510861060336,8.598397876360252,253.76509584019877,110.33711686623619,26.4603244744952,11.504954628194463,52.59053236901307,22.866374498214864,53.699532866199526,106.7291152881686
conf010,0.1,PNOA_area_LiDAR_508000_4179000_512000_4183000_09_05,9,5,509968.0,4181089.0,509752.0,4180978.0,510184.0,4181200.0,9.5904,7.5303,78.51914414414415,1.6244,4.0945,1.708,0.1034,0.0,0.0,910,909,909,1,0.34033635384615385,11.991604280681631,12.051440238952637,2.557373046875,17.735986709594727,7.92538673081016,7.776283507532842,381.2152473919491,159.203264260644,39.74967127460263,16.60027363411787,50.62417797324795,21.141689475936417,94.78228228228228,120.71232221823831
conf010,0.1,PNOA_area_LiDAR_508000_4179000_512000_4183000_09_06,9,6,510400.0,4181089.0,510184.0,4180978.0,510616.0,4181200.0,9.5904,6.9667,72.64243410076743,1.8354,3.5743,1.4325,0.1243,0.0002,0.0,849,847,847,2,0.358083371024735,11.780058443053695,11.768651962280273,2.34619140625,18.095458984375,7.994249946135451,7.802530912114061,346.8634147013658,144.3107332328456,36.16777347153047,15.04741546054863,49.78876867115934,20.71436020394815,88.31748415081748,121.57836565375284
conf010,0.1,PNOA_area_LiDAR_508000_4179000_512000_4183000_09_07,9,7,510832.0,4181089.0,510616.0,4180978.0,511048.0,4181200.0,9.5904,5.0515,52.67246413079746,1.8117,2.722,0.4975,0.0196,0.0007,0.0,658,632,632,26,0.32860483130699086,9.525171973282777,9.586346626281738,2.01220703125,18.850635528564453,8.312580546896095,8.091691708003466,189.93093063696168,76.34768299127067,19.80427621756774,7.960844489413441,37.598917279414366,15.113863801102777,65.89923256589923,125.1113530634465
conf010,0.1,PNOA_area_LiDAR_508000_4179000_512000_4183000_09_08,9,8,511264.0,4181089.0,511048.0,4180978.0,511480.0,4181200.0,9.5904,1.4726,15.354938271604937,0.7336,0.6778,0.0612,0.0,0.0,0.0,420,298,298,122,0.34245217142857143,7.647493422431434,8.373092651367188,2.009033203125,13.38726806640625,9.272697925122863,9.09690938938796,80.31741683454742,32.257793266755144,8.374772359291313,3.3635503489692966,54.541231043424844,21.9053329259508,31.07273940607274,202.36316718728781
conf010,0.1,PNOA_area_LiDAR_508000_4179000_512000_4183000_09_09,9,9,511696.0,4181089.0,511480.0,4180978.0,511912.0,4181200.0,9.5904,0.253,2.6380547213880545,0.2313,0.0212,0.0005,0.0,0.0,0.0,210,87,86,124,0.3511742523809524,3.799578225475618,3.129956007003784,2.001708984375,9.325983047485352,7.9560404927994055,7.428831666491085,5.828842375383787,2.042833545484186,0.6077788596287732,0.21300816915709314,23.038902669501134,8.074440891241842,8.9673006339673,339.9209486166008
conf010,0.1,PNOA_area_LiDAR_508000_4179000_512000_4183000_09_10,9,10,511956.0,4181089.0,511912.0,4180978.0,512000.0,4181200.0,1.9536,0.1268,6.49058149058149,0.1151,0.0117,0.0,0.0,0.0,0.0,119,60,60,59,0.36821353781512606,3.647009027004242,3.160058617591858,2.0040283203125,7.230703830718994,6.342145470602352,6.08837282094176,2.678350717578987,0.8897501440550168,1.3709821445428885,0.45544131042947217,21.122639728540907,7.01695697204272,30.71253071253071,473.18611987381706
conf010,0.1,PNOA_area_LiDAR_508000_4179000_512000_4183000_10_01,10,1,508228.0,4180867.0,508000.0,4180756.0,508456.0,4180978.0,10.1232,2.4976,24.67204046151414,0.8428,1.0982,0.5092,0.0474,0.0,0.0,396,389,389,7,0.392866898989899,11.068530164831401,11.67047119140625,2.1108460426330566,18.624053955078125,8.852796581691761,8.54951921069089,185.79323945125955,80.00283108968634,18.35321236874304,7.902919145100989,74.38870894108727,32.03188304359639,38.426584479216054,155.74951953875723
conf010,0.1,PNOA_area_LiDAR_508000_4179000_512000_4183000_10_02,10,2,508672.0,4180867.0,508456.0,4180756.0,508888.0,4180978.0,9.5904,1.9816,20.662328995662328,0.5271,0.908,0.4715,0.0729,0.0021,0.0,225,221,221,4,0.3613043288888889,10.87841454997861,11.030306816101074,2.03802490234375,19.952423095703125,8.694015794595998,8.42946015949001,97.48085492081319,41.51849262566909,10.164420141059098,4.3291721539945245,49.19300308882377,20.95200475659522,23.043877210543876,111.52603956398869
conf010,0.1,PNOA_area_LiDAR_508000_4179000_512000_4183000_10_03,10,3,509104.0,4180867.0,508888.0,4180756.0,509320.0,4180978.0,9.5904,1.7991,18.759384384384383,0.7607,0.8233,0.1969,0.0164,0.0018,0.0,190,184,184,6,0.3249531526315789,9.135641923417216,9.61948537826538,2.025744676589966,22.4268741607666,8.690132843845811,8.4790993899731,60.10859341351139,24.97102538953731,6.267579393300737,2.60375223030711,33.41036819160213,13.879731748950759,19.18585251918585,102.27335890167306
conf010,0.1,PNOA_area_LiDAR_508000_4179000_512000_4183000_10_04,10,4,509536.0,4180867.0,509320.0,4180756.0,509752.0,4180978.0,9.5904,7.8277,81.62016182849516,1.8792,5.0017,0.9366,0.0102,0.0,0.0,724,722,722,2,0.3168479364640884,10.425566267108653,10.444869995117188,2.199078321456909,16.06879234313965,8.197655474937452,8.01144747506629,247.31298813141055,100.58265687290479,25.787557154176106,10.487847938866448,31.59459204254258,12.849579937006373,75.28361695028362,92.23654457886735
conf010,0.1,PNOA_area_LiDAR_508000_4179000_512000_4183000_10_05,10,5,509968.0,4180867.0,509752.0,4180756.0,510184.0,4180978.0,9.5904,8.1574,85.05797464130798,1.4169,5.2832,1.4229,0.0342,0.0002,0.0,976,976,976,0,0.3423664067622951,10.943870846853882,10.836685180664062,2.1153564453125,19.3511962890625,7.624393716366525,7.381524670756984,315.89206484856516,127.19843482423046,32.938361783509045,13.263100060918257,38.7246015701774,15.593011844978847,101.76843510176843,119.64596562630248
conf010,0.1,PNOA_area_LiDAR_508000_4179000_512000_4183000_10_06,10,6,510400.0,4180867.0,510184.0,4180756.0,510616.0,4180978.0,9.5904,7.4737,77.92897063730396,1.5893,4.2819,1.5599,0.0425,0.0001,0.0,875,875,875,0,0.35388542285714286,11.242118208203998,11.211230278015137,2.739575147628784,16.90241050720215,8.015584208879543,7.869058831865666,329.6177891887324,135.54152329218684,34.36955592975605,14.13304171798745,44.103695517445495,18.135799308533503,91.23707040373706,117.07721744249837
conf010,0.1,PNOA_area_LiDAR_508000_4179000_512000_4183000_10_07,10,7,510832.0,4180867.0,510616.0,4180756.0,511048.0,4180978.0,9.5904,2.5804,26.906072739406074,1.5261,0.9864,0.0648,0.0031,0.0,0.0,497,400,400,97,0.35743610060362174,6.36866614818573,6.500012159347534,2.02880859375,16.133373260498047,8.770361472171205,8.482117818533819,74.54714236142192,29.152194800599684,7.773100429744527,3.0397266850808813,28.889762192459276,11.297548752363852,41.70837504170837,155.0147263990079
conf010,0.1,PNOA_area_LiDAR_508000_4179000_512000_4183000_10_08,10,8,511264.0,4180867.0,511048.0,4180756.0,511480.0,4180978.0,9.5904,2.0417,21.288997330663996,1.0764,0.8857,0.0795,0.0001,0.0,0.0,500,421,421,79,0.378098622,7.442190956899503,8.350042343139648,2.0115966796875,14.36383056640625,8.948015454972593,8.94406650449757,107.4487569974645,43.07748019018653,11.20378263653909,4.491729249060157,52.62710339298844,21.09882950001789,43.89806473139806,206.20071509036586
conf010,0.1,PNOA_area_LiDAR_508000_4179000_512000_4183000_10_09,10,9,511696.0,4180867.0,511480.0,4180756.0,511912.0,4180978.0,9.5904,0.7108,7.411578244911578,0.5789,0.1299,0.002,0.0,0.0,0.0,376,224,222,154,0.3601370930851064,4.550470106303692,3.7018401622772217,2.000732421875,10.31951904296875,8.387145771199451,8.326427408032451,22.050239303090365,8.112692028039875,2.2991991265317777,0.845918004258412,31.021721022918353,11.413466556049347,23.148148148148145,312.3241418120428
conf010,0.1,PNOA_area_LiDAR_508000_4179000_512000_4183000_10_10,10,10,511956.0,4180867.0,511912.0,4180756.0,512000.0,4180978.0,1.9536,0.1749,8.952702702702704,0.1359,0.0316,0.0063,0.0011,0.0,0.0,159,87,87,72,0.43856233333333333,5.0670731478723985,3.614398241043091,2.001953125,16.057031631469727,6.723940199130531,6.0923916885143,8.430346305918475,3.20046792691584,4.31528783062985,1.6382411583312038,48.20095086288436,18.298844636454202,44.533169533169534,497.4271012006861
conf010,0.1,PNOA_area_LiDAR_508000_4179000_512000_4183000_11_01,11,1,508228.0,4180645.0,508000.0,4180534.0,508456.0,4180756.0,10.1232,3.5463,35.031412991939305,1.2999,1.5665,0.5814,0.098,0.0005,0.0,457,457,454,3,0.3259428315098468,12.451942251339,12.630483627319336,2.3094482421875,18.9840087890625,8.658641082564424,8.529537462790689,236.7138799816578,101.74272269487231,23.38330567228325,10.050450716658004,66.74953613108248,28.689823955918087,44.84747905800537,128.02075402532216
conf010,0.1,PNOA_area_LiDAR_508000_4179000_512000_4183000_11_02,11,2,508672.0,4180645.0,508456.0,4180534.0,508888.0,4180756.0,9.5904,1.1522,12.014097430764096,0.4133,0.5645,0.1586,0.0157,0.0001,0.0,159,154,154,5,0.3553941823899371,10.01405192660047,10.166563034057617,2.5412964820861816,17.329635620117188,9.37516546406707,9.356503724786336,67.67031810260544,28.808919717959167,7.056047516537937,3.0039330703577707,58.7313991517145,25.003401942335678,16.05772439105772,133.6573511543135
conf010,0.1,PNOA_area_LiDAR_508000_4179000_512000_4183000_11_03,11,3,509104.0,4180645.0,508888.0,4180534.0,509320.0,4180756.0,9.5904,2.4891,25.95407907907908,1.013,1.2903,0.1764,0.0094,0.0,0.0,171,169,169,2,0.27931098245614033,9.561251439991787,9.216176986694336,2.368609666824341,17.740102767944336,9.03593450078643,8.516891687391322,60.097658768441065,24.803827252510334,6.266439227606884,2.58631832379362,24.14433279837735,9.964978205982217,17.621788455121788,67.89602667630871
conf010,0.1,PNOA_area_LiDAR_508000_4179000_512000_4183000_11_04,11,4,509536.0,4180645.0,509320.0,4180534.0,509752.0,4180756.0,9.5904,5.5315,57.677469135802475,1.9503,2.7371,0.8131,0.031,0.0,0.0,717,709,709,8,0.34500410460251046,10.491099362985372,11.082837104797363,2.0069580078125,17.893360137939453,8.325009363570762,8.203414600633469,262.87579965576833,108.77266531476744,27.410306103579444,11.34182779808636,47.52342034814577,19.664225854608592,73.92809476142808,128.17499774021513
conf010,0.1,PNOA_area_LiDAR_508000_4179000_512000_4183000_11_05,11,5,509968.0,4180645.0,509752.0,4180534.0,510184.0,4180756.0,9.5904,7.2971,76.08754587921254,1.9755,4.0132,1.2481,0.0603,0.0,0.0,912,912,912,0,0.3590984265350877,11.987317901170044,12.182665824890137,3.0763611793518066,17.783838272094727,7.90263251184206,7.61710580335942,373.2674120327786,155.02603855024975,38.92094302977755,16.16471039271039,51.15284318877069,21.24488338521464,95.09509509509509,124.98115689794575
conf010,0.1,PNOA_area_LiDAR_508000_4179000_512000_4183000_11_06,11,6,510400.0,4180645.0,510184.0,4180534.0,510616.0,4180756.0,9.5904,7.8941,82.31252085418751,1.7521,4.6746,1.4232,0.0442,0.0,0.0,880,880,880,0,0.34231902045454543,11.731709218567067,11.77030611038208,5.331072807312012,17.664306640625,8.178568027434432,7.903242100292514,365.74799717325277,152.11531055355985,38.1368865921393,15.861206055384535,46.33181707518942,19.26949374261282,91.75842509175841,111.47565903649561
conf010,0.1,PNOA_area_LiDAR_508000_4179000_512000_4183000_11_07,11,7,510832.0,4180645.0,510616.0,4180534.0,511048.0,4180756.0,9.5904,2.8246,29.452369035702368,1.2606,1.1036,0.4134,0.044,0.0028,0.0002,494,420,420,74,0.35980113562753036,9.097233277843111,8.793405055999756,2.0015869140625,17.639820098876953,9.013449469906814,8.81344021982564,146.97796580746726,61.63542405712297,15.325530301913085,6.426783456073048,52.03496629875637,21.820938914226073,43.79379379379379,148.69362033562274
conf010,0.1,PNOA_area_LiDAR_508000_4179000_512000_4183000_11_08,11,8,511264.0,4180645.0,511048.0,4180534.0,511480.0,4180756.0,9.5904,2.1474,22.39114114114114,1.3298,0.7482,0.0691,0.0003,0.0,0.0,561,450,450,111,0.364795064171123,6.997650208473206,7.465963840484619,2.0072021484375,13.955530166625977,9.24921505347136,9.058542220035331,111.67129203683994,44.982140631556405,11.644070324161655,4.690329979099558,52.00302320799103,20.947257442282016,46.92192192192192,209.55574182732605
conf010,0.1,PNOA_area_LiDAR_508000_4179000_512000_4183000_11_09,11,9,511696.0,4180645.0,511480.0,4180534.0,511912.0,4180756.0,9.5904,0.465,4.848598598598598,0.4129,0.0509,0.0012,0.0,0.0,0.0,452,258,258,194,0.38558900663716816,3.1938976659331213,2.4966002702713013,2.002197265625,10.48516845703125,7.506606017550712,6.7353579491115205,13.243276790102621,4.608975551890718,1.38088888785688,0.4805822021908072,28.480165140005635,9.911775380410146,26.9019019019019,554.8387096774193
conf010,0.1,PNOA_area_LiDAR_508000_4179000_512000_4183000_11_10,11,10,511956.0,4180645.0,511912.0,4180534.0,512000.0,4180756.0,1.9536,0.0722,3.6957411957411956,0.0532,0.019,0.0,0.0,0.0,0.0,250,59,59,191,0.51513744,3.5953650353318554,2.2850098609924316,2.0010986328125,8.162389755249023,6.109395316544156,5.368714413974263,3.140916644988458,1.1164123716002539,1.6077583154117823,0.5714641541770341,43.50300062310884,15.462775229920414,30.200655200655202,817.1745152354571
conf010,0.1,PNOA_area_LiDAR_508000_4179000_512000_4183000_12_01,12,1,508228.0,4180423.0,508000.0,4180312.0,508456.0,4180534.0,10.1232,4.5612,45.05689900426743,1.9987,1.7738,0.6564,0.1316,0.0007,0.0,776,776,776,0,0.3529462731958763,11.900219138750096,12.657418727874756,2.13824462890625,20.040447235107422,8.336271982770327,8.107172025339278,367.43397860292976,157.24015992235235,36.29622832730063,15.532653698667648,80.556427826653,34.4734192586057,76.65560297139244,170.1306673682364
conf010,0.1,PNOA_area_LiDAR_508000_4179000_512000_4183000_12_02,12,2,508672.0,4180423.0,508456.0,4180312.0,508888.0,4180534.0,9.5904,2.4476,25.521354688021354,1.1559,0.96,0.3149,0.0168,0.0,0.0,366,363,363,3,0.36568946721311474,10.434569532221014,10.996124267578125,2.257956027984619,16.8214168548584,9.227003439706507,8.92948560300554,166.0662099711322,70.82051260960623,17.31587941807768,7.384521251418733,67.84859044416253,28.93467584965118,37.85035035035035,148.30854714822684
conf010,0.1,PNOA_area_LiDAR_508000_4179000_512000_4183000_12_03,12,3,509104.0,4180423.0,508888.0,4180312.0,509320.0,4180534.0,9.5904,0.8858,9.23631965298632,0.5751,0.2468,0.056,0.0073,0.0006,0.0,208,190,190,18,0.36815540384615386,6.064935611423693,4.761143445968628,2.05303955078125,18.09120750427246,8.672678719264182,8.415405194320744,33.44884102364093,13.228204080921557,3.487742015311241,1.3793172423383337,37.76116620415549,14.933623934208125,19.811478144811478,214.49537141566944
conf010,0.1,PNOA_area_LiDAR_508000_4179000_512000_4183000_12_04,12,4,509536.0,4180423.0,509320.0,4180312.0,509752.0,4180534.0,9.5904,5.9896,62.454120787454116,2.5904,2.7345,0.6417,0.023,0.0,0.0,782,778,778,4,0.33691391432225065,10.667154573229714,10.78155517578125,2.0831298828125,17.786029815673828,8.338710621387449,8.017774291145642,289.54922024591883,119.28367628105795,30.191568677627505,12.437820766710246,48.34199616767711,19.9151322761216,81.12278945612279,129.8918124749566
conf010,0.1,PNOA_area_LiDAR_508000_4179000_512000_4183000_12_05,12,5,509968.0,4180423.0,509752.0,4180312.0,510184.0,4180534.0,9.5904,6.7287,70.16078578578579,2.022,3.1591,1.413,0.1343,0.0003,0.0,977,977,977,0,0.37739440941658137,13.093782668714026,13.526293754577637,2.449871778488159,19.03656005859375,7.728040754808461,7.512188851952354,446.51248727746463,187.49271215150904,46.55827570043633,19.55004089000553,66.35939888499482,27.86462647339145,101.8727060393727,145.19892401206772
conf010,0.1,PNOA_area_LiDAR_508000_4179000_512000_4183000_12_06,12,6,510400.0,4180423.0,510184.0,4180312.0,510616.0,4180534.0,9.5904,8.3911,87.49478645311977,1.9198,5.2176,1.2091,0.0446,0.0,0.0,826,826,826,0,0.30229901573849877,11.881888581823207,11.853234767913818,4.505224704742432,17.82330894470215,8.086309976959035,7.859184211565035,342.57893439498065,142.32919084640685,35.72102669283665,14.840798178012058,40.82646308529045,16.961922852356288,86.12779446112779,98.4376303464385
conf010,0.1,PNOA_area_LiDAR_508000_4179000_512000_4183000_12_07,12,7,510832.0,4180423.0,510616.0,4180312.0,511048.0,4180534.0,9.5904,4.7534,49.56414748081415,1.561,2.6383,0.5367,0.0173,0.0001,0.0,520,497,497,23,0.33388845384615384,9.857168423577813,9.976000785827637,2.02880859375,17.074634552001953,8.658511966519015,8.296797129089184,174.78084390859038,71.97464086195434,18.224562469614444,7.50486328640665,36.76964781179585,15.141717688802613,51.822655989322655,104.55673833466571
conf010,0.1,PNOA_area_LiDAR_508000_4179000_512000_4183000_12_08,12,8,511264.0,4180423.0,511048.0,4180312.0,511480.0,4180534.0,9.5904,1.8399,19.184809809809806,1.0739,0.7183,0.0477,0.0,0.0,0.0,526,362,362,164,0.37804111406844104,6.80580163792352,7.388470411300659,2.022705078125,12.105486869812012,9.108358590499837,8.888835798763854,81.72333921875801,32.50432049142388,8.521369204491783,3.3892559738304846,44.41727225325181,17.666351699235765,37.74607941274608,196.7498233599652
conf010,0.1,PNOA_area_LiDAR_508000_4179000_512000_4183000_12_09,12,9,511696.0,4180423.0,511480.0,4180312.0,511912.0,4180534.0,9.5904,1.2471,13.003628628628627,0.8809,0.3389,0.0272,0.0001,0.0,0.0,352,216,215,137,0.39645215056818184,5.650399610952094,4.937222242355347,2.0013427734375,13.051403999328613,9.00766828697124,8.574285195453342,41.852463080076866,16.808397595680965,4.363995566407747,1.7526273769270275,33.55982926796317,13.477987006399617,22.41825158491825,172.39996792558736
conf010,0.1,PNOA_area_LiDAR_508000_4179000_512000_4183000_12_10,12,10,511956.0,4180423.0,511912.0,4180312.0,512000.0,4180534.0,1.9536,0.0162,0.8292383292383292,0.0162,0.0,0.0,0.0,0.0,0.0,172,54,54,118,0.39806406976744185,2.255792335227684,2.2525298595428467,2.001708984375,2.77618408203125,4.964977193171321,4.752249583453948,0.46891878321941766,0.11965600721536405,0.2400280421884816,0.06124897994234442,28.94560390243319,7.386173284899016,27.64127764127764,3333.3333333333335
conf010,0.1,PNOA_area_LiDAR_508000_4179000_512000_4183000_13_01,13,1,508228.0,4180201.0,508000.0,4180090.0,508456.0,4180312.0,10.1232,4.4101,43.56428797218271,1.9666,1.5776,0.6919,0.1718,0.0022,0.0,784,783,783,1,0.35550211352040817,12.807218401520341,13.383386611938477,2.3758575916290283,20.217082977294922,8.144798873778296,7.910736583185134,394.98983034541766,169.52487044667205,39.018277851412364,16.746174178784578,89.56482400521931,38.440142048178515,77.34708392603129,177.54699439921998
conf010,0.1,PNOA_area_LiDAR_508000_4179000_512000_4183000_13_02,13,2,508672.0,4180201.0,508456.0,4180090.0,508888.0,4180312.0,9.5904,3.5703,37.22785285285285,1.1642,1.5455,0.7534,0.1062,0.001,0.0,367,367,367,0,0.3693345258855586,13.269101771087023,13.7081298828125,2.172293186187744,20.74346923828125,8.570096408414923,8.411214388791706,210.70443318671903,91.37704937193415,21.970348805755652,9.52797061352333,59.01589031362043,25.593661421150646,38.26743410076743,102.79248242444612
conf010,0.1,PNOA_area_LiDAR_508000_4179000_512000_4183000_13_03,13,3,509104.0,4180201.0,508888.0,4180090.0,509320.0,4180312.0,9.5904,3.3476,34.90573907240574,1.2434,1.4871,0.5685,0.0477,0.0009,0.0,456,441,441,15,0.3602555350877193,10.236881223665614,11.249608993530273,2.06976318359375,19.419845581054688,8.277885921231041,8.063599158752734,170.35598420938797,72.02588831620164,17.763178200011257,7.510206906510848,50.88899038397299,21.515679387083775,45.98348348348348,131.7361691958418
conf010,0.1,PNOA_area_LiDAR_508000_4179000_512000_4183000_13_04,13,4,509536.0,4180201.0,509320.0,4180090.0,509752.0,4180312.0,9.5904,4.1195,42.95441274607941,1.9008,1.6847,0.4966,0.0374,0.0,0.0,652,641,641,11,0.34555447239263803,10.369497880920791,10.538415908813477,2.12725830078125,18.1151123046875,8.270142661663575,8.114085192625284,231.61089776055528,95.8774592647001,24.150285468860034,9.99723257264557,56.22306050747791,23.27405249780315,66.83767100433766,155.60140793785652
conf010,0.1,PNOA_area_LiDAR_508000_4179000_512000_4183000_13_05,13,5,509968.0,4180201.0,509752.0,4180090.0,510184.0,4180312.0,9.5904,6.6246,69.07532532532532,2.3508,3.0973,1.0929,0.0836,0.0,0.0,938,936,936,2,0.3369498198294243,12.195128498933254,12.251489162445068,3.0212645530700684,17.780736923217773,7.809185232957715,7.5265106448236665,386.6010071478693,160.7763084397959,40.31124949406378,16.764296425570976,58.35839252903863,24.269587362225028,97.59759759759758,141.29154967847114
conf010,0.1,PNOA_area_LiDAR_508000_4179000_512000_4183000_13_06,13,6,510400.0,4180201.0,510184.0,4180090.0,510616.0,4180312.0,9.5904,8.0482,83.91933600266933,2.0861,4.3253,1.5654,0.0714,0.0,0.0,910,910,910,0,0.3337403186813187,12.484395657528887,12.55999755859375,4.41241455078125,18.269481658935547,8.16576093350762,8.010481944994712,421.84858369614125,177.53623291259845,43.98654734903041,18.511869464526864,52.41527095451669,22.059122898610678,94.88655321988655,113.068760716682
conf010,0.1,PNOA_area_LiDAR_508000_4179000_512000_4183000_13_07,13,7,510832.0,4180201.0,510616.0,4180090.0,511048.0,4180312.0,9.5904,4.796,50.00834167500834,1.771,2.3666,0.6517,0.0067,0.0,0.0,535,514,514,21,0.33815704672897196,10.29674080420097,10.9612455368042,2.05810546875,15.752019882202148,8.283162877511984,7.907732659341245,176.1051538624691,71.97973282893587,18.36264951018405,7.505394230578063,36.719173032207905,15.008284576508728,53.59526192859526,107.17264386989157
conf010,0.1,PNOA_area_LiDAR_508000_4179000_512000_4183000_13_08,13,8,511264.0,4180201.0,511048.0,4180090.0,511480.0,4180312.0,9.5904,1.5807,16.482107107107105,1.0071,0.5476,0.026,0.0,0.0,0.0,566,358,357,209,0.3840726890459364,6.323967833092759,6.56158447265625,2.0098876953125,12.331182479858398,9.097043689698918,8.90518235659453,68.02368921420559,26.39537516846929,7.092893853666748,2.7522705172327835,43.03390220421686,16.69853556555279,37.22472472472472,225.84930726893148
conf010,0.1,PNOA_area_LiDAR_508000_4179000_512000_4183000_13_09,13,9,511696.0,4180201.0,511480.0,4180090.0,511912.0,4180312.0,9.5904,0.1388,1.4472806139472807,0.1268,0.01,0.002,0.0,0.0,0.0,663,191,191,472,0.4146000452488688,2.4870022266947163,2.192553758621216,2.0020751953125,12.039599418640137,5.733801636014759,5.516122303070635,3.5096746373696766,1.0922243417573894,0.36595706512446574,0.11388725618925064,25.28584032687087,7.869051453583497,19.915749082415747,1376.0806916426511
conf010,0.1,PNOA_area_LiDAR_508000_4179000_512000_4183000_13_10,13,10,511956.0,4180201.0,511912.0,4180090.0,512000.0,4180312.0,1.9536,0.0308,1.5765765765765767,0.0285,0.0023,0.0,0.0,0.0,0.0,215,50,50,165,0.4319599720930233,2.3880449151992797,2.1773895025253296,2.0054931640625,6.1395263671875,4.8598458133520746,4.712036085643483,0.5781151346626947,0.16398686426693027,0.29592298047844734,0.08394086008749502,18.769971904632943,5.324248839835398,25.593775593775593,1623.3766233766232
conf010,0.1,PNOA_area_LiDAR_508000_4179000_512000_4183000_14_01,14,1,508228.0,4179979.0,508000.0,4179868.0,508456.0,4180090.0,10.1232,3.6498,36.053816974869605,1.4265,1.5582,0.5825,0.0797,0.0029,0.0,527,525,525,2,0.3361847571157495,12.35135385013762,12.796255111694336,2.45159912109375,21.28139877319336,8.247544356925788,7.9601616388756185,250.68024703857637,106.7586055039607,24.762945218762482,10.545934635684436,68.6832832041691,29.2505357838678,51.8610715979137,143.84349827387803
conf010,0.1,PNOA_area_LiDAR_508000_4179000_512000_4183000_14_02,14,2,508672.0,4179979.0,508456.0,4179868.0,508888.0,4180090.0,9.5904,2.0082,20.93968968968969,0.6796,0.9586,0.3496,0.0203,0.0001,0.0,265,265,265,0,0.3457059547169811,11.634881244515473,12.385449409484863,2.114758253097534,18.083541870117188,8.629228031879235,8.313572403324864,128.04430379355358,54.81876646585743,13.351299611439938,5.716004177704519,63.76073289191992,27.297463632037363,27.631798465131798,131.95896823025595
conf010,0.1,PNOA_area_LiDAR_508000_4179000_512000_4183000_14_03,14,3,509104.0,4179979.0,508888.0,4179868.0,509320.0,4180090.0,9.5904,4.901,51.10318651985318,1.9042,2.177,0.7376,0.0819,0.0003,0.0,582,580,580,2,0.3373125034364261,11.062298796505763,11.02921438217163,2.0613067150115967,19.229503631591797,8.36542745486938,8.153781169471863,238.10170909070655,99.93054343753634,24.827088452067333,10.419851459536238,48.58227077957694,20.389827267401827,60.47714381047714,118.34319526627219
conf010,0.1,PNOA_area_LiDAR_508000_4179000_512000_4183000_14_04,14,4,509536.0,4179979.0,509320.0,4179868.0,509752.0,4180090.0,9.5904,4.5327,47.26288788788789,2.3194,1.9677,0.2432,0.0024,0.0,0.0,655,650,650,5,0.347411320610687,9.207899351853591,9.368759155273438,2.01165771484375,16.258071899414062,7.992556441356864,7.753183994282443,174.73015223661244,69.29514242527793,18.219276801448576,7.225469472105223,38.54880142886413,15.287828981683749,67.7761094427761,143.40238709819755
conf010,0.1,PNOA_area_LiDAR_508000_4179000_512000_4183000_14_05,14,5,509968.0,4179979.0,509752.0,4179868.0,510184.0,4180090.0,9.5904,4.2372,44.181681681681674,1.7933,1.7307,0.6377,0.0755,0.0,0.0,616,607,607,9,0.36124509415584416,10.466577796213317,10.415661811828613,2.0299072265625,18.46875,8.205833390541224,7.986007430130395,221.8976605510806,92.21212570319871,23.13747711785542,9.61504480555542,52.36893716394804,21.762514326252884,63.292459125792455,143.25497970357785
conf010,0.1,PNOA_area_LiDAR_508000_4179000_512000_4183000_14_06,14,6,510400.0,4179979.0,510184.0,4179868.0,510616.0,4180090.0,9.5904,8.1426,84.90365365365365,2.2435,4.7742,1.0794,0.0454,0.0001,0.0,793,793,793,0,0.323269578814628,11.323469043830304,11.37310791015625,3.883227586746216,18.062768936157227,7.8932109071308325,7.639071063951609,292.73414940697097,120.17556111005273,30.523664227453594,12.530818434064557,35.95094311484919,14.758868311111037,82.68685352018684,97.38904035566036
conf010,0.1,PNOA_area_LiDAR_508000_4179000_512000_4183000_14_07,14,7,510832.0,4179979.0,510616.0,4179868.0,511048.0,4180090.0,9.5904,2.548,26.568234901568232,1.1966,1.0579,0.2888,0.0047,0.0,0.0,459,355,355,104,0.3509194727668845,8.167874569288442,8.159619331359863,2.017578125,15.351031303405762,8.870859229161677,8.467274273393924,96.48880339275641,39.142195680774755,10.060977998076869,4.081393443524227,37.86844717141146,15.361929231073294,37.01618284951618,139.32496075353217
conf010,0.1,PNOA_area_LiDAR_508000_4179000_512000_4183000_14_08,14,8,511264.0,4179979.0,511048.0,4179868.0,511480.0,4180090.0,9.5904,1.5521,16.18389222555889,1.0786,0.466,0.0075,0.0,0.0,0.0,471,356,356,115,0.3794763821656051,5.692690611555335,6.239428758621216,2.00634765625,10.8282470703125,9.210500739354057,8.954227849609193,59.058962189944914,22.59454163265618,6.1581333614807425,2.3559540407757944,38.05100327939238,14.557400703985685,37.120453787120454,229.36666451903872
conf010,0.1,PNOA_area_LiDAR_508000_4179000_512000_4183000_14_09,14,9,511696.0,4179979.0,511480.0,4179868.0,511912.0,4180090.0,9.5904,0.2871,2.9936186186186187,0.2631,0.024,0.0,0.0,0.0,0.0,562,364,364,198,0.3658740676156584,2.615005372644781,2.353887915611267,2.00341796875,10.112622261047363,5.90330692221687,5.645002129040292,8.151707992121919,2.6171466603656737,0.8499862354147812,0.2728923361242152,28.39327060996837,9.115801673165008,37.954621287954616,1267.8509230233367
conf010,0.1,PNOA_area_LiDAR_508000_4179000_512000_4183000_14_10,14,10,511956.0,4179979.0,511912.0,4179868.0,512000.0,4180090.0,1.9536,0.0965,4.939598689598689,0.0682,0.0276,0.0007,0.0,0.0,0.0,177,61,61,116,0.468201790960452,3.5784341702695754,2.4139404296875,2.004638671875,9.48065185546875,6.0723426370935805,5.528310767995567,3.8276000589120565,1.4419903077092362,1.9592547394103483,0.7381195268781922,39.66424931515084,14.942904743100893,31.224406224406223,632.1243523316062
conf010,0.1,PNOA_area_LiDAR_508000_4179000_512000_4183000_15_01,15,1,508228.0,4179757.0,508000.0,4179646.0,508456.0,4179868.0,10.1232,3.4542,34.12162162162162,1.2291,1.5626,0.5817,0.0789,0.0019,0.0,508,502,502,6,0.35400211023622047,11.896608538836597,11.908070087432861,2.3918304443359375,20.493518829345703,8.066239040003246,7.682398895180514,224.45756589493786,95.54517208329926,22.172590277277724,9.43823811475613,64.98105665420006,27.6605790293843,49.58906274695748,145.3303225059348
conf010,0.1,PNOA_area_LiDAR_508000_4179000_512000_4183000_15_02,15,2,508672.0,4179757.0,508456.0,4179646.0,508888.0,4179868.0,9.5904,2.2108,23.052218885552218,0.9975,0.9688,0.2302,0.0143,0.0,0.0,220,219,218,2,0.32937886363636365,10.056459836219544,10.400317192077637,2.5264892578125,17.4425048828125,9.107556465667164,8.650106342557493,90.02278593569602,38.09874929888177,9.3867602952636,3.972592310944462,40.71955216921297,17.23301488098506,22.731064397731064,98.6068391532477
conf010,0.1,PNOA_area_LiDAR_508000_4179000_512000_4183000_15_03,15,3,509104.0,4179757.0,508888.0,4179646.0,509320.0,4179868.0,9.5904,1.5957,16.638513513513512,1.2067,0.3533,0.0356,0.0001,0.0,0.0,448,424,423,25,0.4147506183035714,5.046222089596514,3.551721215248108,2.0042724609375,13.569290161132812,8.667663379799523,8.353348448816972,55.96105904691983,21.44668180911268,5.835112096150299,2.2362656207366407,35.06991229361398,13.440296928691284,44.106606606606604,265.08742244782854
conf010,0.1,PNOA_area_LiDAR_508000_4179000_512000_4183000_15_04,15,4,509536.0,4179757.0,509320.0,4179646.0,509752.0,4179868.0,9.5904,6.2122,64.77519185852519,3.0522,3.0086,0.1511,0.0003,0.0,0.0,601,596,596,5,0.3260723943427621,8.304297922441624,8.5108642578125,2.040210008621216,14.434789657592773,8.683485630232836,8.38737657437338,156.27203189938518,61.9588960594759,16.29463128747343,6.460512185047119,25.15566657534934,9.973744576716122,62.14547881214548,95.94024661150638
conf010,0.1,PNOA_area_LiDAR_508000_4179000_512000_4183000_15_05,15,5,509968.0,4179757.0,509752.0,4179646.0,510184.0,4179868.0,9.5904,4.8965,51.05626459793125,2.6012,1.968,0.3085,0.0188,0.0,0.0,614,592,592,22,0.3484269706840391,8.661240234971046,8.308175563812256,2.010986328125,17.281208038330078,8.535748310006584,8.27878554079053,166.0726375922142,66.98452795973763,17.316549632154466,6.984539535341344,33.91660116250673,13.680083316601172,61.72839506172839,120.90268559174922
conf010,0.1,PNOA_area_LiDAR_508000_4179000_512000_4183000_15_06,15,6,510400.0,4179757.0,510184.0,4179646.0,510616.0,4179868.0,9.5904,7.2548,75.64647981314648,2.5242,4.0963,0.6263,0.008,0.0,0.0,678,678,678,0,0.33430723156342185,9.90025049324936,9.954864501953125,2.7725830078125,15.748712539672852,8.148151469393145,7.789035960097193,214.5173754578631,86.95923340044398,22.367927871398802,9.067320800012926,29.56902677646015,11.986441170045207,70.69569569569569,93.45536748084027
conf010,0.1,PNOA_area_LiDAR_508000_4179000_512000_4183000_15_07,15,7,510832.0,4179757.0,510616.0,4179646.0,511048.0,4179868.0,9.5904,3.156,32.907907907907905,1.5363,1.5396,0.0801,0.0,0.0,0.0,531,431,430,101,0.3681912693032015,6.827561934973414,7.360033988952637,2.02783203125,12.502283096313477,9.05416092138566,8.877499591782442,91.20956738739083,35.86063193830731,9.510507109963175,3.7392217152889664,28.900369894610527,11.36268439109864,44.8365031698365,136.24841571609633
conf010,0.1,PNOA_area_LiDAR_508000_4179000_512000_4183000_15_08,15,8,511264.0,4179757.0,511048.0,4179646.0,511480.0,4179868.0,9.5904,0.9885,10.307182182182181,0.7066,0.2518,0.0301,0.0,0.0,0.0,318,248,248,70,0.369651286163522,4.848263506927798,3.1984405517578125,2.001220703125,13.042139053344727,7.9544451355961705,7.0638034929941185,33.046825852621126,12.931342348010254,3.445823516497865,1.3483631911088436,33.43128563745182,13.081782850794388,25.85919252585919,250.88517956499746
conf010,0.1,PNOA_area_LiDAR_508000_4179000_512000_4183000_15_09,15,9,511696.0,4179757.0,511480.0,4179646.0,511912.0,4179868.0,9.5904,0.4004,4.175008341675008,0.3439,0.0563,0.0002,0.0,0.0,0.0,529,251,250,279,0.40198221739130435,3.0367327068906382,2.3604979515075684,2.0,8.714147567749023,6.742421597333133,6.022065902182526,11.539459041852579,4.0934828439790865,1.2032302137400503,0.42683129420869687,28.819827776854595,10.223483626321395,26.06773440106773,624.3756243756244
conf010,0.1,PNOA_area_LiDAR_508000_4179000_512000_4183000_15_10,15,10,511956.0,4179757.0,511912.0,4179646.0,512000.0,4179868.0,1.9536,0.099,5.0675675675675675,0.0782,0.0208,0.0,0.0,0.0,0.0,248,79,79,169,0.4462025685483871,3.549065233785895,2.4814085960388184,2.0020751953125,8.146631240844727,6.345640219304674,5.955286898031742,4.637376015101791,1.6959518151906456,2.3737592214894505,0.8681162035169152,46.84218197072516,17.130826416067126,40.43816543816544,797.9797979797979
conf010,0.1,PNOA_area_LiDAR_508000_4179000_512000_4183000_16_01,16,1,508228.0,4179535.0,508000.0,4179424.0,508456.0,4179646.0,10.1232,5.3156,52.50908803540382,1.2695,2.6099,1.3197,0.1145,0.002,0.0,610,608,608,2,0.34974493114754096,11.706941362666456,11.758680820465088,2.24639892578125,20.532556533813477,8.208973070877311,7.977750637168081,267.85012974459863,113.38988356398556,26.459037630847817,11.2009921333161,50.38944422917425,21.33153050718368,60.06006006006005,114.380314545865
conf010,0.1,PNOA_area_LiDAR_508000_4179000_512000_4183000_16_02,16,2,508672.0,4179535.0,508456.0,4179424.0,508888.0,4179646.0,9.5904,1.5899,16.578036369703035,1.2443,0.3058,0.0395,0.0003,0.0,0.0,283,270,270,13,0.39583474204946995,5.270496423156173,3.973046898841858,2.0560302734375,13.986581802368164,8.761729983381166,8.333105424988684,38.286472444583836,14.764636550119356,3.9921663793568394,1.5395224964672334,24.081056949860894,9.28651899498041,28.153153153153152,169.82200138373483
conf010,0.1,PNOA_area_LiDAR_508000_4179000_512000_4183000_16_03,16,3,509104.0,4179535.0,508888.0,4179424.0,509320.0,4179646.0,9.5904,2.1355,22.267058725392054,1.3767,0.6931,0.0656,0.0001,0.0,0.0,483,458,458,25,0.39522539958592134,5.303492928175947,3.623291015625,2.043701171875,12.681890487670898,8.704197689492805,8.470001946506953,65.98407286444382,25.475693035603513,6.8802211445240875,2.656374398940973,30.89865271104838,11.929615095108177,47.756089422756084,214.46967923202996
conf010,0.1,PNOA_area_LiDAR_508000_4179000_512000_4183000_16_04,16,4,509536.0,4179535.0,509320.0,4179424.0,509752.0,4179646.0,9.5904,2.3984,25.00834167500834,1.6105,0.7579,0.03,0.0,0.0,0.0,520,483,483,37,0.36043471923076925,5.507647259635214,5.02130126953125,2.0042724609375,12.648290634155273,8.767112098093639,8.467438946689205,73.76439849227953,28.463460924635545,7.691482992605055,2.9679117580742767,30.755669818328688,11.867687176715954,50.36286286286286,201.3842561707805
conf010,0.1,PNOA_area_LiDAR_508000_4179000_512000_4183000_16_05,16,5,509968.0,4179535.0,509752.0,4179424.0,510184.0,4179646.0,9.5904,3.1354,32.69310977644311,1.7495,1.3336,0.0514,0.0009,0.0,0.0,457,415,415,42,0.3815325207877462,6.525155196706932,7.123693943023682,2.0067138671875,15.013158798217773,8.825951941644437,8.643881951997718,80.43303880597786,31.26687119042451,8.38682837066002,3.2602259749775304,25.653198573061765,9.972211261856385,43.272439105772435,132.35950755884417
conf010,0.1,PNOA_area_LiDAR_508000_4179000_512000_4183000_16_06,16,6,510400.0,4179535.0,510184.0,4179424.0,510616.0,4179646.0,9.5904,4.1716,43.49766433099766,2.372,1.5671,0.231,0.0015,0.0,0.0,642,629,629,13,0.38597433956386296,7.080861424035223,6.353759765625,2.0279541015625,15.4759521484375,8.359832051317676,8.142337918720406,122.67117891327892,47.692669931608144,12.791038842308863,4.972959410619801,29.406265920337265,11.432704461503535,65.58641975308642,150.78147473391505
conf010,0.1,PNOA_area_LiDAR_508000_4179000_512000_4183000_16_07,16,7,510832.0,4179535.0,510616.0,4179424.0,511048.0,4179646.0,9.5904,0.8503,8.866157824491157,0.6053,0.2295,0.0155,0.0,0.0,0.0,602,339,339,263,0.37083271594684386,3.855616494265981,2.6233153343200684,2.0037841796875,12.438525199890137,8.196584538897806,6.891150356755177,29.98522388597483,11.21022718614751,3.1265874088645758,1.1689008994564887,35.26428776428887,13.183849448603446,35.347847847847845,398.6828178290016
conf010,0.1,PNOA_area_LiDAR_508000_4179000_512000_4183000_16_08,16,8,511264.0,4179535.0,511048.0,4179424.0,511480.0,4179646.0,9.5904,0.2717,2.833041374708041,0.2516,0.0156,0.0045,0.0,0.0,0.0,571,292,291,280,0.38669204203152363,2.4697997839483494,2.2376800775527954,2.00146484375,12.9417724609375,5.904840983948631,5.753764475604643,7.190332008663411,2.603550609542445,0.7497426602293346,0.27147466315716184,26.464232641381713,9.58244611535681,30.342842842842842,1071.0342289289658
conf010,0.1,PNOA_area_LiDAR_508000_4179000_512000_4183000_16_09,16,9,511696.0,4179535.0,511480.0,4179424.0,511912.0,4179646.0,9.5904,0.8704,9.075742409075742,0.4671,0.3505,0.0528,0.0,0.0,0.0,544,248,248,296,0.3884395533088235,4.937822733194597,2.79754638671875,2.0009765625,13.211010932922363,7.861873121273855,7.004651491388392,39.56699555767115,16.122898478997367,4.125687724982393,1.6811497413035292,45.45840482269204,18.523550642230433,25.85919252585919,284.9264705882353
conf010,0.1,PNOA_area_LiDAR_508000_4179000_512000_4183000_16_10,16,10,511956.0,4179535.0,511912.0,4179424.0,512000.0,4179646.0,1.9536,0.1461,7.478501228501229,0.1097,0.0325,0.0039,0.0,0.0,0.0,212,109,109,103,0.5380933537735849,3.7884361022109285,2.517468214035034,2.00531005859375,13.854510307312012,6.294495119636113,6.132743235797026,5.651224434639675,2.010533931781237,2.892723400204584,1.0291430854736063,38.680523166596,13.761354769207646,55.794430794430795,746.0643394934975
conf010,0.1,PNOA_area_LiDAR_508000_4179000_512000_4183000_17_01,17,1,508228.0,4179313.0,508000.0,4179202.0,508456.0,4179424.0,10.1232,5.3501,52.849889363047254,1.6142,2.2912,1.15,0.2534,0.0389,0.0024,591,587,587,4,0.3381314585448393,13.270238957169514,13.236740112304688,2.04095458984375,25.535202026367188,8.518296183059446,8.345207034835564,351.98042157108483,155.78163313139376,34.76967970316548,15.38857605612788,65.78950329359915,29.11751801487706,57.98561719614351,109.71757537242294
conf010,0.1,PNOA_area_LiDAR_508000_4179000_512000_4183000_17_02,17,2,508672.0,4179313.0,508456.0,4179202.0,508888.0,4179424.0,9.5904,3.44,35.8692025358692,1.6405,1.2447,0.5088,0.0421,0.0039,0.0,457,442,442,15,0.3599819168490153,7.4329806043012105,5.929280042648315,2.0857086181640625,28.189258575439453,8.862703883376323,8.56405903390922,123.37081967446308,52.37449894612768,12.8639910404637,5.461138111666633,35.86361037048346,15.225145042478976,46.08775442108775,128.48837209302326
conf010,0.1,PNOA_area_LiDAR_508000_4179000_512000_4183000_17_03,17,3,509104.0,4179313.0,508888.0,4179202.0,509320.0,4179424.0,9.5904,2.3521,24.525567233900567,1.2652,0.91,0.1738,0.0031,0.0,0.0,462,424,424,38,0.3578711168831169,6.809801516105544,6.550317287445068,2.016357421875,17.8626708984375,8.883635266192268,8.592852926823817,95.34513943482476,38.68582566894773,9.941727084879124,4.033807314496551,40.536175942700034,16.44735583901523,44.210877544210874,180.26444453892265
conf010,0.1,PNOA_area_LiDAR_508000_4179000_512000_4183000_17_04,17,4,509536.0,4179313.0,509320.0,4179202.0,509752.0,4179424.0,9.5904,0.639,6.662912912912912,0.564,0.0733,0.0017,0.0,0.0,0.0,379,289,289,90,0.39858899736147757,3.6306319154257594,2.8507080078125,2.005859375,10.264575004577637,8.403784912709037,8.01683078362542,19.562031461574612,6.926243542553232,2.0397513619426313,0.7222059082575525,30.61350776459251,10.839191772383774,30.1343009676343,452.2691705790297
conf010,0.1,PNOA_area_LiDAR_508000_4179000_512000_4183000_17_05,17,5,509968.0,4179313.0,509752.0,4179202.0,510184.0,4179424.0,9.5904,0.8681,9.05176009342676,0.6701,0.1894,0.0086,0.0,0.0,0.0,382,287,287,95,0.3853723272251309,4.57241027695792,3.245220899581909,2.0001220703125,11.863744735717773,9.304115824041917,9.189994817106076,35.29204626801275,13.305904672022727,3.679934754339,1.3874191558248588,40.65435579773384,15.327617408158885,29.925759092425757,330.6070729178666
conf010,0.1,PNOA_area_LiDAR_508000_4179000_512000_4183000_17_06,17,6,510400.0,4179313.0,510184.0,4179202.0,510616.0,4179424.0,9.5904,1.1992,12.50417083750417,0.8699,0.3119,0.0172,0.0002,0.0,0.0,246,210,210,36,0.37504796341463414,5.542365699722653,5.252758979797363,2.0076904296875,14.96630859375,9.451023085780486,9.209858127021956,35.09622662311205,13.46365260347247,3.659516456363869,1.4038676805422579,29.26636643021352,11.227195299760231,21.896896896896894,175.11674449633088
conf010,0.1,PNOA_area_LiDAR_508000_4179000_512000_4183000_17_07,17,7,510832.0,4179313.0,510616.0,4179202.0,511048.0,4179424.0,9.5904,1.4327,14.938897230563896,1.0385,0.3498,0.0442,0.0002,0.0,0.0,563,361,359,204,0.3645097886323268,3.9813470893289242,2.755145311355591,2.0020751953125,13.94482421875,8.200669893936844,6.808990099487513,36.864689374609924,14.08524321993967,3.8439157255807808,1.4686815169273095,25.730920202840736,9.831257918573092,37.43326659993326,250.57583583443846
conf010,0.1,PNOA_area_LiDAR_508000_4179000_512000_4183000_17_08,17,8,511264.0,4179313.0,511048.0,4179202.0,511480.0,4179424.0,9.5904,0.1664,1.7350684017350682,0.1595,0.0069,0.0,0.0,0.0,0.0,561,262,262,299,0.42121029233511587,2.4092383257305348,2.293164014816284,2.0013427734375,8.140722274780273,5.961028494410444,5.786506288588756,4.522405891633318,1.3802246186860472,0.47155550254768497,0.14391731509489147,27.177920021834847,8.294619102680572,27.318985652318982,1574.519230769231
conf010,0.1,PNOA_area_LiDAR_508000_4179000_512000_4183000_17_09,17,9,511696.0,4179313.0,511480.0,4179202.0,511912.0,4179424.0,9.5904,0.3451,3.5983900567233897,0.2611,0.0727,0.0111,0.0002,0.0,0.0,425,247,247,178,0.4384378635294118,3.1258141357406433,2.45037841796875,2.0001220703125,13.1130952835083,6.447039527649937,6.0217986337446305,14.090665286361043,5.510821613283208,1.4692468808768187,0.5746185365869211,40.83067309869905,15.968767352312975,25.75492158825492,715.7345696899449
conf010,0.1,PNOA_area_LiDAR_508000_4179000_512000_4183000_17_10,17,10,511956.0,4179313.0,511912.0,4179202.0,512000.0,4179424.0,1.9536,0.0435,2.2266584766584763,0.0427,0.0008,0.0,0.0,0.0,0.0,159,53,53,106,0.4933587295597484,2.68225604183269,2.3239166736602783,2.0032958984375,7.301461696624756,5.654662329276405,5.234101338506939,0.9706585612570162,0.2854948510938425,0.49685634789978306,0.14613782304148365,22.313989913954398,6.563100025145805,27.12940212940213,1218.3908045977012
conf010,0.1,PNOA_area_LiDAR_508000_4179000_512000_4183000_18_01,18,1,508228.0,4179101.0,508000.0,4179000.0,508456.0,4179202.0,9.2112,4.3281,46.98736321000521,2.0511,1.3977,0.6315,0.1891,0.0512,0.0075,454,451,451,3,0.3440694625550661,11.154188133924869,11.503631591796875,2.02459716796875,36.40687561035156,8.83314008446167,8.464978004280836,228.50547287615458,102.40187566917365,24.807351146012962,11.11710479298828,52.79579327560698,23.65977580674514,48.9621330554108,104.20276795822647
conf010,0.1,PNOA_area_LiDAR_508000_4179000_512000_4183000_18_02,18,2,508672.0,4179101.0,508456.0,4179000.0,508888.0,4179202.0,8.7264,3.3365,38.234552621928856,1.7062,1.3234,0.3043,0.0026,0.0,0.0,371,361,361,10,0.36388561994609164,6.612105506278802,4.139746189117432,2.00732421875,15.397021293640137,9.059289954194005,8.656941897475718,75.9553170960946,30.519812565156716,8.704083825643405,3.4974115975839655,22.764968408839984,9.14725387836257,41.36872020535387,108.19721264798441
conf010,0.1,PNOA_area_LiDAR_508000_4179000_512000_4183000_18_03,18,3,509104.0,4179101.0,508888.0,4179000.0,509320.0,4179202.0,8.7264,1.2885,14.76553905390539,0.5999,0.5187,0.1692,0.0007,0.0,0.0,265,216,216,49,0.33053641132075473,6.2773597869608135,3.5526275634765625,2.0038819313049316,14.545721054077148,8.82706808444509,8.653693520444628,44.382114638727856,18.056039768039422,5.085959231610728,2.0691281362348075,34.44479211387494,14.013224499836571,24.752475247524753,167.63678696158323
conf010,0.1,PNOA_area_LiDAR_508000_4179000_512000_4183000_18_04,18,4,509536.0,4179101.0,509320.0,4179000.0,509752.0,4179202.0,8.7264,0.3236,3.7082874954162084,0.2827,0.0402,0.0007,0.0,0.0,0.0,315,211,211,104,0.36971404761904764,3.2678071401695505,2.6132569313049316,2.0001220703125,9.951397895812988,8.601652466408536,8.331527889896494,13.188647457072243,4.686024205582154,1.51135032282181,0.5369939729535838,40.75601809972881,14.480915344815061,24.17950128346168,652.0395550061804
conf010,0.1,PNOA_area_LiDAR_508000_4179000_512000_4183000_18_05,18,5,509968.0,4179101.0,509752.0,4179000.0,510184.0,4179202.0,8.7264,0.7051,8.080078841217455,0.5749,0.1285,0.0017,0.0,0.0,0.0,251,208,208,43,0.43749689641434264,4.410169583100539,3.526647925376892,2.0220947265625,11.580535888671875,8.864316376755374,8.407514207796478,21.66224764262768,7.95465570365397,2.482380780462468,0.9115621222559096,30.722234637112013,11.281599352792469,23.835716905023837,294.99361792653525
conf010,0.1,PNOA_area_LiDAR_508000_4179000_512000_4183000_18_06,18,6,510400.0,4179101.0,510184.0,4179000.0,510616.0,4179202.0,8.7264,1.8435,21.125550055005498,1.356,0.4676,0.0199,0.0,0.0,0.0,310,273,273,37,0.36237802258064516,5.99697513108725,5.816626071929932,2.01513671875,11.998693466186523,10.199340169052816,9.78929757763539,55.87470436298457,21.836191591090888,6.40295016994231,2.5023138511976173,30.309034099801778,11.844964247947322,31.284378437843785,148.0878763222132
conf010,0.1,PNOA_area_LiDAR_508000_4179000_512000_4183000_18_07,18,7,510832.0,4179101.0,510616.0,4179000.0,511048.0,4179202.0,8.7264,0.5616,6.435643564356436,0.5141,0.047,0.0005,0.0,0.0,0.0,214,183,182,32,0.41576442056074764,3.466164842980807,2.7844605445861816,2.008056640625,10.200769424438477,8.773325441891382,7.447942591130875,14.129453362328936,5.098429881212644,1.6191617806115852,0.5842535159072061,25.159283052580015,9.078400785635049,20.856252291895856,324.0740740740741
conf010,0.1,PNOA_area_LiDAR_508000_4179000_512000_4183000_18_08,18,8,511264.0,4179101.0,511048.0,4179000.0,511480.0,4179202.0,8.7264,0.2422,2.7754858819215253,0.2244,0.013,0.004,0.0008,0.0,0.0,571,266,266,305,0.36703766549912437,2.536032951864085,2.3070555925369263,2.0009765625,15.643206596374512,6.1692920381779,5.993549174716215,5.928162094212395,1.9465609413804228,0.6793365069458648,0.22306574777461757,24.476309224658937,8.036998106442704,30.482214888155482,1098.2658959537573
conf010,0.1,PNOA_area_LiDAR_508000_4179000_512000_4183000_18_09,18,9,511696.0,4179101.0,511480.0,4179000.0,511912.0,4179202.0,8.7264,0.4521,5.180830583058306,0.3874,0.0584,0.0051,0.0012,0.0,0.0,539,350,350,189,0.4301537606679035,2.982795122691563,2.374536156654358,2.00048828125,18.804285049438477,6.246290979477079,5.872942734833757,15.910170006036259,6.133825289322633,1.8232226354552001,0.702904438178703,35.19170538826865,13.567408293126816,40.10817748441511,774.1650077416501
conf010,0.1,PNOA_area_LiDAR_508000_4179000_512000_4183000_18_10,18,10,511956.0,4179101.0,511912.0,4179000.0,512000.0,4179202.0,1.7776,0.5108,28.735373537353738,0.2308,0.2212,0.0567,0.0021,0.0,0.0,211,159,159,52,0.4155870142180095,8.634370848817646,9.1937255859375,2.03143310546875,17.855682373046875,6.197506852539184,5.757270051170734,28.065375150342014,10.89507756026976,15.788352357303113,6.129094037055445,54.943960748516076,21.329439233104463,89.44644464446445,311.2764291307752
conf015,0.15,PNOA_area_LiDAR_508000_4179000_512000_4183000_01_01,1,1,508228.0,4182877.0,508000.0,4182754.0,508456.0,4183000.0,11.2176,0.0,0.0,0.0,0.0,0.0,0.0,0.0,0.0,538,0,0,538,0.41485164126394053,,,,,,,0.0,0.0,0.0,0.0,,,0.0,
conf015,0.15,PNOA_area_LiDAR_508000_4179000_512000_4183000_01_02,1,2,508672.0,4182877.0,508456.0,4182754.0,508888.0,4183000.0,10.6272,0.0,0.0,0.0,0.0,0.0,0.0,0.0,0.0,263,0,0,263,0.4065694904942966,,,,,,,0.0,0.0,0.0,0.0,,,0.0,
conf015,0.15,PNOA_area_LiDAR_508000_4179000_512000_4183000_01_03,1,3,509104.0,4182877.0,508888.0,4182754.0,509320.0,4183000.0,10.6272,2.446,23.01641071966275,1.322,0.8028,0.2737,0.0474,0.0001,0.0,350,226,224,126,0.4054600057142857,9.114971348669677,8.016543865203857,2.552258253097534,18.607873916625977,9.653903522115325,8.994359250656398,89.53293167256655,38.41330780601087,8.4248844166447,3.6146217071298996,36.60381507463882,15.70454121259643,21.077988557663353,91.57808667211773
conf015,0.15,PNOA_area_LiDAR_508000_4179000_512000_4183000_01_04,1,4,509536.0,4182877.0,509320.0,4182754.0,509752.0,4183000.0,10.6272,4.5322,42.647169527250824,2.2391,1.9108,0.3588,0.0235,0.0,0.0,328,326,326,2,0.37041760975609755,9.904837278500656,9.698946952819824,2.47271728515625,16.881317138671875,9.824781277173486,9.5745322164198,142.89095225768358,60.33465223407391,13.445776145897657,5.677379952769677,31.527944984264504,13.312442574042167,30.676001204456487,71.92974714266802
conf015,0.15,PNOA_area_LiDAR_508000_4179000_512000_4183000_01_05,1,5,509968.0,4182877.0,509752.0,4182754.0,510184.0,4183000.0,10.6272,5.4506,51.2891448358928,1.9199,2.6799,0.7993,0.0515,0.0,0.0,422,422,421,1,0.3687764383886256,11.026637346823634,11.440680027008057,2.1642730236053467,18.508819580078125,8.604145783818847,8.325321007589103,182.21234656371044,76.92563681475231,17.145847124709277,7.238561127554982,33.42977774258072,14.113241994413883,39.61532670882264,77.23920302352035
conf015,0.15,PNOA_area_LiDAR_508000_4179000_512000_4183000_01_06,1,6,510400.0,4182877.0,510184.0,4182754.0,510616.0,4183000.0,10.6272,5.0543,47.56003462812405,2.0551,2.195,0.7519,0.052,0.0003,0.0,442,437,436,6,0.3981083597285068,10.929327058028301,11.552990913391113,2.759268283843994,18.38623046875,9.007398638411699,8.617819447098814,189.32963681029742,79.69197590276956,17.815571063901817,7.498868554536431,37.45912130469055,15.767163781882667,41.02679915688046,86.26318184516155
conf015,0.15,PNOA_area_LiDAR_508000_4179000_512000_4183000_01_07,1,7,510832.0,4182877.0,510616.0,4182754.0,511048.0,4183000.0,10.6272,2.1389,20.126656127672387,1.6196,0.5025,0.0167,0.0001,0.0,0.0,318,266,266,52,0.42920898742138364,5.310173078587181,5.254974365234375,2.0098876953125,12.887603759765625,9.05129521276874,8.874623234165774,41.128033496228994,15.752652847903503,3.8700724081817404,1.4822956985756834,19.228591096465003,7.364838397261912,25.03011141222523,124.3629903221282
conf015,0.15,PNOA_area_LiDAR_508000_4179000_512000_4183000_01_08,1,8,511264.0,4182877.0,511048.0,4182754.0,511480.0,4183000.0,10.6272,0.4439,4.177017464619091,0.3639,0.0781,0.0019,0.0,0.0,0.0,519,342,342,177,0.4867447899807322,2.5493865243175575,2.30523681640625,2.0023193359375,10.327545166015625,6.50195635362989,6.194175003894111,9.856983973058671,3.439048027334256,0.9275240865946507,0.32360810254199185,22.205415573459497,7.747348563492354,32.18157181571816,770.4437936472178
conf015,0.15,PNOA_area_LiDAR_508000_4179000_512000_4183000_01_09,1,9,511696.0,4182877.0,511480.0,4182754.0,511912.0,4183000.0,10.6272,0.3466,3.261442336645589,0.3381,0.0085,0.0,0.0,0.0,0.0,718,455,455,263,0.4583105598885794,2.399346390923301,2.3083863258361816,2.000244140625,7.4449462890625,5.859346938714563,5.696365324377106,6.257052383397038,1.7319531987485666,0.5887771363479598,0.16297361475728006,18.05266123311321,4.996979800197826,42.81466425775369,1312.7524523946913
conf015,0.15,PNOA_area_LiDAR_508000_4179000_512000_4183000_01_10,1,10,511956.0,4182877.0,511912.0,4182754.0,512000.0,4183000.0,2.1648,0.0879,4.060421286031042,0.0879,0.0,0.0,0.0,0.0,0.0,310,159,159,151,0.6117764129032258,2.415413178737808,2.374438524246216,2.0006103515625,3.43353271484375,5.447755593069811,5.409715956881965,1.8367264195316755,0.48457729490142243,0.8484508589854377,0.22384390932253437,20.895636172146478,5.5128247429058295,73.4478935698448,1808.8737201365186
conf015,0.15,PNOA_area_LiDAR_508000_4179000_512000_4183000_02_01,2,1,508228.0,4182643.0,508000.0,4182532.0,508456.0,4182754.0,10.1232,0.0,0.0,0.0,0.0,0.0,0.0,0.0,0.0,399,0,0,399,0.43186172180451127,,,,,,,0.0,0.0,0.0,0.0,,,0.0,
conf015,0.15,PNOA_area_LiDAR_508000_4179000_512000_4183000_02_02,2,2,508672.0,4182643.0,508456.0,4182532.0,508888.0,4182754.0,9.5904,0.0,0.0,0.0,0.0,0.0,0.0,0.0,0.0,158,0,0,158,0.3888533481012658,,,,,,,0.0,0.0,0.0,0.0,,,0.0,
conf015,0.15,PNOA_area_LiDAR_508000_4179000_512000_4183000_02_03,2,3,509104.0,4182643.0,508888.0,4182532.0,509320.0,4182754.0,9.5904,2.8482,29.698448448448445,1.2237,1.1213,0.4422,0.0602,0.0008,0.0,339,214,214,125,0.3978394365781711,12.386186922822043,13.001115322113037,3.237579345703125,19.101184844970703,9.552884056291731,9.343451161055963,127.53459305115057,55.55091684699187,13.298151594422606,5.7923461844127315,44.77726039293258,19.503868003297477,22.31398064731398,75.13517309177726
conf015,0.15,PNOA_area_LiDAR_508000_4179000_512000_4183000_02_04,2,4,509536.0,4182643.0,509320.0,4182532.0,509752.0,4182754.0,9.5904,1.4237,14.845053386720053,0.6864,0.6191,0.112,0.0062,0.0,0.0,100,96,96,4,0.36470058,9.719134777784348,9.10471487045288,2.6913514137268066,16.746044158935547,10.013526478050972,9.528000216192428,42.251825658521234,17.84986149948113,4.405637476906201,1.8612217946572747,29.677478161495564,12.537656458159113,10.01001001001001,67.42993608203976
conf015,0.15,PNOA_area_LiDAR_508000_4179000_512000_4183000_02_05,2,5,509968.0,4182643.0,509752.0,4182532.0,510184.0,4182754.0,9.5904,2.2429,23.386928595261928,1.3007,0.7981,0.1384,0.0056,0.0001,0.0,257,251,251,6,0.4204449571984436,7.4999002593447015,7.607293605804443,2.0102295875549316,16.085824966430664,9.037523808381156,8.546937620028407,72.81166588706272,30.256457825655527,7.592140670572939,3.1548692260651823,32.463179761497486,13.4898826633624,26.172005338672005,111.90868964287306
conf015,0.15,PNOA_area_LiDAR_508000_4179000_512000_4183000_02_06,2,6,510400.0,4182643.0,510184.0,4182532.0,510616.0,4182754.0,9.5904,2.6509,27.641182849516184,1.4408,0.9549,0.2388,0.0164,0.0,0.0,188,188,188,0,0.4139952978723404,8.564384965186424,8.392581462860107,2.2822265625,16.739818572998047,9.646672915412596,9.262647567122922,66.15403276438911,27.608693081901208,6.897943022646512,2.8787843136783873,24.955310560333892,10.414837633219362,19.602936269602935,70.91931042287526
conf015,0.15,PNOA_area_LiDAR_508000_4179000_512000_4183000_02_07,2,7,510832.0,4182643.0,510616.0,4182532.0,511048.0,4182754.0,9.5904,1.0565,11.016224557891224,0.6863,0.368,0.0022,0.0,0.0,0.0,196,143,142,54,0.4198562142857143,5.159189732758315,5.476538181304932,2.0848631858825684,10.21923828125,9.715880061857504,8.710448253937743,27.879891739912438,11.194030385018937,2.9070624520262385,1.1672120438166225,26.388917879708885,10.595390804561228,14.806473139806473,134.40605773781354
conf015,0.15,PNOA_area_LiDAR_508000_4179000_512000_4183000_02_08,2,8,511264.0,4182643.0,511048.0,4182532.0,511480.0,4182754.0,9.5904,1.5871,16.54884050717384,1.2286,0.3427,0.0156,0.0002,0.0,0.0,236,213,213,23,0.41153048305084744,4.478532337806594,3.434612989425659,2.004150390625,12.005663871765137,9.063195681732,8.807352384965352,26.65569379653806,10.169193196156106,2.7794141846573717,1.06035130924217,16.795220084769745,6.407405454071014,22.20970970970971,134.20704429462543
conf015,0.15,PNOA_area_LiDAR_508000_4179000_512000_4183000_02_09,2,9,511696.0,4182643.0,511480.0,4182532.0,511912.0,4182754.0,9.5904,0.4551,4.74537037037037,0.4196,0.0355,0.0,0.0,0.0,0.0,381,186,186,195,0.4224187034120735,2.992139756038625,2.430224657058716,2.0006103515625,8.260717391967773,6.483199254879053,5.8038896557766275,6.833674019173018,2.2900387869730983,0.7125535972611171,0.2387844914678322,15.015763610575737,5.031946356785538,19.394394394394393,408.70138431114043
conf015,0.15,PNOA_area_LiDAR_508000_4179000_512000_4183000_02_10,2,10,511956.0,4182643.0,511912.0,4182532.0,512000.0,4182754.0,1.9536,0.0856,4.381654381654381,0.0779,0.0077,0.0,0.0,0.0,0.0,213,131,131,82,0.6214441784037559,2.5042016833793115,2.343963623046875,2.0140380859375,9.496594429016113,5.915918472031289,5.916642586084368,2.2105818628731218,0.6520424528659733,1.1315427226009018,0.3337645643253344,25.824554472816843,7.617318374602492,67.05569205569205,1530.373831775701
conf015,0.15,PNOA_area_LiDAR_508000_4179000_512000_4183000_03_01,3,1,508228.0,4182421.0,508000.0,4182310.0,508456.0,4182532.0,10.1232,0.0,0.0,0.0,0.0,0.0,0.0,0.0,0.0,261,0,0,261,0.4491887432950192,,,,,,,0.0,0.0,0.0,0.0,,,0.0,
conf015,0.15,PNOA_area_LiDAR_508000_4179000_512000_4183000_03_02,3,2,508672.0,4182421.0,508456.0,4182310.0,508888.0,4182532.0,9.5904,0.0,0.0,0.0,0.0,0.0,0.0,0.0,0.0,163,0,0,163,0.4186390490797546,,,,,,,0.0,0.0,0.0,0.0,,,0.0,
conf015,0.15,PNOA_area_LiDAR_508000_4179000_512000_4183000_03_03,3,3,509104.0,4182421.0,508888.0,4182310.0,509320.0,4182532.0,9.5904,1.6495,17.19949115782449,0.7149,0.7289,0.1919,0.0136,0.0002,0.0,196,126,125,71,0.36511388775510206,11.298264618903872,11.067584037780762,3.340191602706909,18.928924560546875,9.505805930348238,8.94824610209434,63.16260210086769,26.963217294867267,6.586023742582967,2.8114799481635036,38.29196853644601,16.34629723847667,13.033867200533866,75.78053955744166
conf015,0.15,PNOA_area_LiDAR_508000_4179000_512000_4183000_03_04,3,4,509536.0,4182421.0,509320.0,4182310.0,509752.0,4182532.0,9.5904,3.801,39.63338338338338,1.8351,1.7009,0.2569,0.0081,0.0,0.0,284,283,283,1,0.3606071232394366,9.223998300599547,9.342935562133789,2.8333740234375,16.13223648071289,9.030796254494671,8.772603745843508,95.50074958700245,39.24689633625483,9.957952701347434,4.092310679038916,25.125164321758074,10.325413400751073,29.508675342008672,74.45409102867666
conf015,0.15,PNOA_area_LiDAR_508000_4179000_512000_4183000_03_05,3,5,509968.0,4182421.0,509752.0,4182310.0,510184.0,4182532.0,9.5904,4.6496,48.481815148481815,2.2921,1.9414,0.3996,0.0165,0.0,0.0,394,392,391,3,0.38211042385786803,10.0454278703855,10.27720022201538,2.015869140625,18.170360565185547,9.008870612268217,8.691660992566332,147.99338969815565,61.20500070250079,15.43140950306094,6.3819028093198185,31.82927342097291,13.163498086394698,40.76993660326993,84.09325533379214
conf015,0.15,PNOA_area_LiDAR_508000_4179000_512000_4183000_03_06,3,6,510400.0,4182421.0,510184.0,4182310.0,510616.0,4182532.0,9.5904,1.244,12.971304637971304,0.89,0.3135,0.0371,0.0034,0.0,0.0,135,129,128,7,0.43307445185185184,7.5784854279008025,6.760693550109863,2.3509521484375,17.50244140625,10.393079663308752,10.225567581168786,41.68411722216147,17.24707498330371,4.346441985961114,1.7983686794402431,33.50813281524234,13.864208185935457,13.34668001334668,102.89389067524115
conf015,0.15,PNOA_area_LiDAR_508000_4179000_512000_4183000_03_07,3,7,510832.0,4182421.0,510616.0,4182310.0,511048.0,4182532.0,9.5904,2.8115,29.315774107440774,1.5967,0.9688,0.2395,0.0065,0.0,0.0,233,231,231,2,0.41034207296137337,8.260350827014808,8.4154052734375,2.1968016624450684,16.493383407592773,9.568446158453499,9.434894366932665,72.5194473098933,29.764057242878415,7.561670765546097,3.1035261556221236,25.793863528327687,10.586540011694261,24.086586586586584,82.16254668326516
conf015,0.15,PNOA_area_LiDAR_508000_4179000_512000_4183000_03_08,3,8,511264.0,4182421.0,511048.0,4182310.0,511480.0,4182532.0,9.5904,2.3472,24.474474474474473,1.0931,1.0232,0.2247,0.0062,0.0,0.0,286,240,240,46,0.3688855734265734,8.126292337973913,8.001861572265625,2.031512498855591,16.04547691345215,9.150465173322015,9.029363318846965,70.0856511295462,28.737444244376196,7.307896555883613,2.996480255711565,29.859258320358816,12.243287425177316,25.025025025025023,102.24948875255625
conf015,0.15,PNOA_area_LiDAR_508000_4179000_512000_4183000_03_09,3,9,511696.0,4182421.0,511480.0,4182310.0,511912.0,4182532.0,9.5904,1.0532,10.981815148481813,0.949,0.1036,0.0006,0.0,0.0,0.0,455,368,367,88,0.48491535384615386,3.0224306609319602,2.5818450450897217,2.0008544921875,9.271240234375,7.207668236936287,6.501709531492999,15.107894829857878,5.111892352091566,1.5753143591359982,0.5330218084846894,14.344753921247513,4.853676749042505,38.26743410076743,348.46183061146985
conf015,0.15,PNOA_area_LiDAR_508000_4179000_512000_4183000_03_10,3,10,511956.0,4182421.0,511912.0,4182310.0,512000.0,4182532.0,1.9536,0.1019,5.216011466011467,0.1002,0.0017,0.0,0.0,0.0,0.0,247,159,159,88,0.6122194251012145,2.413669193315806,2.38177490234375,2.00732421875,4.5577392578125,6.030750137126417,6.146203187732608,2.225683050716933,0.6038924199148356,1.1392726508583808,0.309117741561648,21.84183563019561,5.926324042343823,81.38820638820638,1560.3532875368007
conf015,0.15,PNOA_area_LiDAR_508000_4179000_512000_4183000_04_01,4,1,508228.0,4182199.0,508000.0,4182088.0,508456.0,4182310.0,10.1232,0.0,0.0,0.0,0.0,0.0,0.0,0.0,0.0,141,0,0,141,0.41116936170212764,,,,,,,0.0,0.0,0.0,0.0,,,0.0,
conf015,0.15,PNOA_area_LiDAR_508000_4179000_512000_4183000_04_02,4,2,508672.0,4182199.0,508456.0,4182088.0,508888.0,4182310.0,9.5904,0.0,0.0,0.0,0.0,0.0,0.0,0.0,0.0,199,0,0,199,0.4205989648241206,,,,,,,0.0,0.0,0.0,0.0,,,0.0,
conf015,0.15,PNOA_area_LiDAR_508000_4179000_512000_4183000_04_03,4,3,509104.0,4182199.0,508888.0,4182088.0,509320.0,4182310.0,9.5904,4.9632,51.75175175175174,1.8533,2.6618,0.4464,0.0017,0.0,0.0,365,344,344,21,0.35006809041095893,9.753413428400838,9.896884441375732,3.3740265369415283,15.237146377563477,8.601332188218358,8.330512575146429,114.40405415553282,46.49351176160979,11.929017992527195,4.847922063898251,23.050462233142493,9.367648243393333,35.8692025358692,69.31012250161187
conf015,0.15,PNOA_area_LiDAR_508000_4179000_512000_4183000_04_04,4,4,509536.0,4182199.0,509320.0,4182088.0,509752.0,4182310.0,9.5904,4.6778,48.775859192525864,2.581,1.958,0.1358,0.003,0.0,0.0,219,218,218,1,0.36181856621004566,8.332452880133182,8.468985080718994,2.465679883956909,17.047588348388672,9.403504506757198,9.053070362000433,66.19085920521552,26.832448649194895,6.90178295016011,2.797844578870005,14.149997692337319,5.73612566787697,22.731064397731064,46.603104023258794
conf015,0.15,PNOA_area_LiDAR_508000_4179000_512000_4183000_04_05,4,5,509968.0,4182199.0,509752.0,4182088.0,510184.0,4182310.0,9.5904,6.063,63.21946946946946,3.7594,2.1056,0.1776,0.0182,0.0022,0.0,318,316,316,2,0.3742571572327044,7.917775237107579,7.70151686668396,3.226654052734375,21.63117027282715,9.16134329048199,8.946314443851994,84.44312910724237,33.86966151565829,8.804964246250664,3.5316213625769817,13.92761489481154,5.586287566494852,32.94961628294961,52.11941283193139
conf015,0.15,PNOA_area_LiDAR_508000_4179000_512000_4183000_04_06,4,6,510400.0,4182199.0,510184.0,4182088.0,510616.0,4182310.0,9.5904,3.2102,33.473056389723055,1.7863,1.1476,0.2442,0.0319,0.0002,0.0,241,237,237,4,0.3973943692946058,8.488700511586314,7.851458549499512,2.061511278152466,19.368091583251953,9.796391192707315,9.579017569674146,87.58043641301009,37.19258729334083,9.132094220575793,3.8781059490053416,27.281925242355644,11.585753938490072,24.71221221221221,73.82717587689241
conf015,0.15,PNOA_area_LiDAR_508000_4179000_512000_4183000_04_07,4,7,510832.0,4182199.0,510616.0,4182088.0,511048.0,4182310.0,9.5904,4.703,49.03862195528862,2.0159,1.6121,0.9761,0.0989,0.0,0.0,406,405,405,1,0.3774988448275862,10.104343854645153,10.840527534484863,2.0352845191955566,18.6202449798584,8.980615871477475,8.887019963622802,160.6057437866575,67.85455984037876,16.74651148926609,7.075258575281401,34.14963720745428,14.427931073863226,42.229729729729726,86.1152455879226
conf015,0.15,PNOA_area_LiDAR_508000_4179000_512000_4183000_04_08,4,8,511264.0,4182199.0,511048.0,4182088.0,511480.0,4182310.0,9.5904,1.3405,13.977519185852518,0.5778,0.6783,0.0836,0.0008,0.0,0.0,316,164,164,152,0.33691248101265825,7.050635095049695,7.816952466964722,2.01513671875,15.514660835266113,8.711062318385324,8.624581491730375,34.48355264101803,13.574318226223864,3.5956323658051828,1.4154068887871063,25.72439585305336,10.12630975473619,17.100433767100434,122.34240954867586
conf015,0.15,PNOA_area_LiDAR_508000_4179000_512000_4183000_04_09,4,9,511696.0,4182199.0,511480.0,4182088.0,511912.0,4182310.0,9.5904,0.4224,4.404404404404405,0.3632,0.0535,0.0057,0.0,0.0,0.0,469,195,195,274,0.431546921108742,3.0100262947571585,2.506518602371216,2.0009765625,13.626001358032227,7.6196982673562585,6.874420072106404,9.150235963140815,3.2405202806746884,0.9541036831770119,0.337892087991605,21.662490443041705,7.671686270536668,20.332832832832832,461.64772727272725
conf015,0.15,PNOA_area_LiDAR_508000_4179000_512000_4183000_04_10,4,10,511956.0,4182199.0,511912.0,4182088.0,512000.0,4182310.0,1.9536,0.0634,3.245290745290745,0.0634,0.0,0.0,0.0,0.0,0.0,229,101,101,128,0.5568577423580786,2.3960721681613735,2.381823778152466,2.0118408203125,3.1590819358825684,5.582296827615782,5.438185028420279,1.2375527894032148,0.3305778320041779,0.6334729675487382,0.16921469697183553,19.51976008522421,5.214161388078516,51.6994266994267,1593.0599369085173
conf015,0.15,PNOA_area_LiDAR_508000_4179000_512000_4183000_05_01,5,1,508228.0,4181977.0,508000.0,4181866.0,508456.0,4182088.0,10.1232,0.0,0.0,0.0,0.0,0.0,0.0,0.0,0.0,270,0,0,270,0.4283450074074074,,,,,,,0.0,0.0,0.0,0.0,,,0.0,
conf015,0.15,PNOA_area_LiDAR_508000_4179000_512000_4183000_05_02,5,2,508672.0,4181977.0,508456.0,4181866.0,508888.0,4182088.0,9.5904,0.0,0.0,0.0,0.0,0.0,0.0,0.0,0.0,188,0,0,188,0.38118348936170215,,,,,,,0.0,0.0,0.0,0.0,,,0.0,
conf015,0.15,PNOA_area_LiDAR_508000_4179000_512000_4183000_05_03,5,3,509104.0,4181977.0,508888.0,4181866.0,509320.0,4182088.0,9.5904,5.1657,53.86323823823823,2.1417,2.4799,0.5299,0.0142,0.0,0.0,519,347,347,172,0.3700942504816956,10.257988598573448,10.328119277954102,3.46002197265625,17.427692413330078,8.898650568721198,8.695489079044354,134.19957630610037,55.71249740421273,13.993115647532987,5.809194340612772,25.97897212499765,10.785081867745461,36.182015348682015,67.17385833478521
conf015,0.15,PNOA_area_LiDAR_508000_4179000_512000_4183000_05_04,5,4,509536.0,4181977.0,509320.0,4181866.0,509752.0,4182088.0,9.5904,2.3481,24.48385885885886,1.2148,0.9084,0.2199,0.005,0.0,0.0,141,137,136,5,0.36878682978723404,9.36695736516131,9.674710273742676,2.608071804046631,16.44515037536621,9.331412846480417,8.885349722896812,49.93221707390935,20.73129689792473,5.206479090956513,2.161671765299125,21.26494488050311,8.828966780769443,14.180847514180847,57.919168689578804
conf015,0.15,PNOA_area_LiDAR_508000_4179000_512000_4183000_05_05,5,5,509968.0,4181977.0,509752.0,4181866.0,510184.0,4182088.0,9.5904,4.7246,49.26384718051384,2.5644,1.9451,0.2102,0.0049,0.0,0.0,334,334,333,1,0.374727751497006,8.673132015559487,8.683239459991455,2.399523973464966,14.990158081054688,9.420393553478297,9.115366867197553,107.47713128207221,43.86919808647631,11.206741249798986,4.574282416424373,22.748408602224995,9.285272422316453,34.72222222222222,70.48215721965882
conf015,0.15,PNOA_area_LiDAR_508000_4179000_512000_4183000_05_06,5,6,510400.0,4181977.0,510184.0,4181866.0,510616.0,4182088.0,9.5904,3.7202,38.790874207540874,1.9145,1.5082,0.2894,0.0081,0.0,0.0,403,393,393,10,0.37017097270471466,8.651339723863675,8.996502876281738,2.07958984375,17.525976181030273,9.083542498259689,8.948087726139775,121.89126751296722,49.762885842177326,12.7097167493501,5.188822764658129,32.76470821809774,13.376400688720317,40.97847847847848,105.6394817482931
conf015,0.15,PNOA_area_LiDAR_508000_4179000_512000_4183000_05_07,5,7,510832.0,4181977.0,510616.0,4181866.0,511048.0,4182088.0,9.5904,3.6528,38.088088088088085,1.7913,1.4341,0.4173,0.0101,0.0,0.0,358,334,334,24,0.39755335474860337,8.4555015949432,9.157259941101074,2.0623779296875,16.455652236938477,9.197956963675008,9.052460362412113,106.871692873124,44.15088429827593,11.143611619236319,4.603654101838915,29.25747176771901,12.08686057223936,34.82649315982649,91.43670608848007
conf015,0.15,PNOA_area_LiDAR_508000_4179000_512000_4183000_05_08,5,8,511264.0,4181977.0,511048.0,4181866.0,511480.0,4182088.0,9.5904,0.7695,8.023648648648647,0.6145,0.1519,0.0031,0.0,0.0,0.0,309,181,181,128,0.35886702265372167,4.263965546096886,3.059967041015625,2.045654296875,10.638964653015137,9.182266104324716,9.097630912756756,17.061301144574948,6.1444722768343665,1.7789978670936506,0.6406898853889688,22.17193131198824,7.98501920316357,18.87303970637304,235.21767381416507
conf015,0.15,PNOA_area_LiDAR_508000_4179000_512000_4183000_05_09,5,9,511696.0,4181977.0,511480.0,4181866.0,511912.0,4182088.0,9.5904,0.5505,5.740115115115114,0.5103,0.0402,0.0,0.0,0.0,0.0,453,272,271,182,0.43134492052980133,2.83151935654528,2.4722657203674316,2.0118408203125,7.59112548828125,7.465509682509346,6.855463389306705,10.02242730354091,3.296324096175966,1.0450478920108557,0.34371080415581895,18.206044148121546,5.987873017576687,28.25742409075742,492.27974568574024
conf015,0.15,PNOA_area_LiDAR_508000_4179000_512000_4183000_05_10,5,10,511956.0,4181977.0,511912.0,4181866.0,512000.0,4182088.0,1.9536,0.0921,4.714373464373464,0.0921,0.0,0.0,0.0,0.0,0.0,291,169,169,122,0.5928679621993127,2.380639434566159,2.3208861351013184,2.0016541481018066,3.091076612472534,5.947451018619892,5.937171479275734,2.2245289040586695,0.5960023113383605,1.138681871446903,0.30507898819531143,24.15340829596818,6.4712520232178115,86.5069615069615,1834.9619978284472
conf015,0.15,PNOA_area_LiDAR_508000_4179000_512000_4183000_06_01,6,1,508228.0,4181755.0,508000.0,4181644.0,508456.0,4181866.0,10.1232,0.0,0.0,0.0,0.0,0.0,0.0,0.0,0.0,466,0,0,466,0.41108619098712446,,,,,,,0.0,0.0,0.0,0.0,,,0.0,
conf015,0.15,PNOA_area_LiDAR_508000_4179000_512000_4183000_06_02,6,2,508672.0,4181755.0,508456.0,4181644.0,508888.0,4181866.0,9.5904,0.0,0.0,0.0,0.0,0.0,0.0,0.0,0.0,77,0,0,77,0.4325458961038961,,,,,,,0.0,0.0,0.0,0.0,,,0.0,
conf015,0.15,PNOA_area_LiDAR_508000_4179000_512000_4183000_06_03,6,3,509104.0,4181755.0,508888.0,4181644.0,509320.0,4181866.0,9.5904,1.0337,10.778486820153486,0.4349,0.5501,0.0484,0.0003,0.0,0.0,90,61,61,29,0.3236062111111111,9.274123520147604,9.02435302734375,4.916052341461182,13.877667427062988,10.309369009753865,10.313884767361516,26.461559215100976,11.149985332504535,2.7591715898295144,1.1626194248941164,25.598877058238344,10.786480925321209,6.360527193860527,59.011318564380375
conf015,0.15,PNOA_area_LiDAR_508000_4179000_512000_4183000_06_04,6,4,509536.0,4181755.0,509320.0,4181644.0,509752.0,4181866.0,9.5904,3.7989,39.611486486486484,2.5108,1.1148,0.1611,0.0122,0.0,0.0,262,259,258,4,0.39269357633587787,8.608508228795408,8.24017333984375,2.64019775390625,16.7442684173584,9.41404808748617,9.099737614812732,84.70515328061123,35.05534714860879,8.832285752482818,3.655253915228644,22.29728428771782,9.227762549319221,26.9019019019019,67.91439627260523
conf015,0.15,PNOA_area_LiDAR_508000_4179000_512000_4183000_06_05,6,5,509968.0,4181755.0,509752.0,4181644.0,510184.0,4181866.0,9.5904,5.6535,58.94957457457457,3.4553,1.8587,0.3166,0.0228,0.0001,0.0,382,380,379,3,0.36755366230366493,9.002654849228106,8.780587673187256,2.1558837890625,17.603221893310547,9.033148939944876,8.795810197634376,124.31345456811431,51.20168054244628,12.962280464643216,5.338847237075229,21.988759983747112,9.05663403952353,39.518685352018686,67.03811798001237
conf015,0.15,PNOA_area_LiDAR_508000_4179000_512000_4183000_06_06,6,6,510400.0,4181755.0,510184.0,4181644.0,510616.0,4181866.0,9.5904,5.2536,54.77977977977977,1.9631,2.2894,0.8879,0.1119,0.0013,0.0,549,545,545,4,0.3781159489981785,11.652759027481078,12.313135147094727,2.2303466796875,18.630712509155273,8.64929882603843,8.464002819393873,256.6093909137724,109.38731433601087,26.756901788639933,11.405917827828961,48.84448585993841,20.821401388764063,56.82766099432766,103.73838891426831
conf015,0.15,PNOA_area_LiDAR_508000_4179000_512000_4183000_06_07,6,7,510832.0,4181755.0,510616.0,4181644.0,511048.0,4181866.0,9.5904,4.361,45.47255588922255,1.5581,2.0722,0.7043,0.0264,0.0,0.0,475,461,461,14,0.38513720631578946,10.440916050023475,11.229150772094727,2.0035400390625,17.046361923217773,8.82157980064256,8.496583899487412,186.2464497353363,78.14489774242776,19.420091939370234,8.148241756592817,42.707280379577234,17.91903181436087,48.0689022355689,105.70969961018116
conf015,0.15,PNOA_area_LiDAR_508000_4179000_512000_4183000_06_08,6,8,511264.0,4181755.0,511048.0,4181644.0,511480.0,4181866.0,9.5904,0.8005,8.346888555221888,0.5781,0.2141,0.0083,0.0,0.0,0.0,316,200,200,116,0.3598738164556962,5.061657782793045,3.8896851539611816,2.019775390625,10.987060546875,9.514808850179257,9.197499274219494,29.570971605800107,11.343801006986904,3.0833929352060503,1.1828287669947972,36.94062661561537,14.170894449702567,20.854187520854186,249.84384759525298
conf015,0.15,PNOA_area_LiDAR_508000_4179000_512000_4183000_06_09,6,9,511696.0,4181755.0,511480.0,4181644.0,511912.0,4181866.0,9.5904,0.127,1.324240907574241,0.1256,0.0014,0.0,0.0,0.0,0.0,297,72,72,225,0.3971968080808081,2.976890650060442,2.6742461919784546,2.0032958984375,5.113549709320068,8.060704956454334,7.916893588775833,2.7950831423727696,0.8838906683501159,0.29144593993710055,0.09216410872853226,22.008528680100547,6.959769042126896,7.507507507507507,566.9291338582677
conf015,0.15,PNOA_area_LiDAR_508000_4179000_512000_4183000_06_10,6,10,511956.0,4181755.0,511912.0,4181644.0,512000.0,4181866.0,1.9536,0.0387,1.980958230958231,0.0309,0.0078,0.0,0.0,0.0,0.0,274,75,75,199,0.4931843503649635,2.3731641483306887,2.2565979957580566,2.000244140625,7.49615478515625,5.580461265883549,5.6020017672718705,1.0935548079004904,0.322860382089451,0.5597639270579906,0.16526432334636107,28.257230178307246,8.342645532027158,38.39066339066339,1937.984496124031
conf015,0.15,PNOA_area_LiDAR_508000_4179000_512000_4183000_07_01,7,1,508228.0,4181533.0,508000.0,4181422.0,508456.0,4181644.0,10.1232,0.0,0.0,0.0,0.0,0.0,0.0,0.0,0.0,600,0,0,600,0.41125508666666666,,,,,,,0.0,0.0,0.0,0.0,,,0.0,
conf015,0.15,PNOA_area_LiDAR_508000_4179000_512000_4183000_07_02,7,2,508672.0,4181533.0,508456.0,4181422.0,508888.0,4181644.0,9.5904,0.0,0.0,0.0,0.0,0.0,0.0,0.0,0.0,194,0,0,194,0.44428174226804124,,,,,,,0.0,0.0,0.0,0.0,,,0.0,
conf015,0.15,PNOA_area_LiDAR_508000_4179000_512000_4183000_07_03,7,3,509104.0,4181533.0,508888.0,4181422.0,509320.0,4181644.0,9.5904,0.0,0.0,0.0,0.0,0.0,0.0,0.0,0.0,1,0,0,1,0.157247,,,,,,,0.0,0.0,0.0,0.0,,,0.0,
conf015,0.15,PNOA_area_LiDAR_508000_4179000_512000_4183000_07_04,7,4,509536.0,4181533.0,509320.0,4181422.0,509752.0,4181644.0,9.5904,3.7154,38.74082415749082,1.4581,1.6002,0.5644,0.0856,0.0071,0.0,327,324,324,3,0.3797541345565749,12.442519245324311,12.137402534484863,4.2557373046875,22.97429847717285,8.776269895749103,8.50022922477342,174.83213808148642,75.81026750086062,18.22991096111595,7.904807672345326,47.05607419967875,20.404335334246817,33.78378378378378,87.20460784841471
conf015,0.15,PNOA_area_LiDAR_508000_4179000_512000_4183000_07_05,7,5,509968.0,4181533.0,509752.0,4181422.0,510184.0,4181644.0,9.5904,6.3848,66.5749082415749,2.2048,2.7657,1.187,0.2167,0.0106,0.0,623,620,620,3,0.38407597752808986,12.988190942810428,13.239144802093506,2.405834913253784,22.005151748657227,8.55383630120415,8.257159714336641,341.1611881506786,147.85633296720025,35.57319696265834,15.417118469219243,53.4333398306413,23.15755121024938,64.64798131464798,97.10562586142088
conf015,0.15,PNOA_area_LiDAR_508000_4179000_512000_4183000_07_06,7,6,510400.0,4181533.0,510184.0,4181422.0,510616.0,4181644.0,9.5904,7.0333,73.33687854521187,2.1256,3.3685,1.3764,0.16,0.0028,0.0,724,724,724,0,0.3914031035911602,12.732408962197066,12.770294189453125,2.261798143386841,19.735363006591797,8.345442100435017,8.153862240280876,367.1456235063618,156.77183596530725,38.282618400313,16.34674632604555,52.20104694899433,22.289940136963764,75.49215882549215,102.93887648756629
conf015,0.15,PNOA_area_LiDAR_508000_4179000_512000_4183000_07_07,7,7,510832.0,4181533.0,510616.0,4181422.0,511048.0,4181644.0,9.5904,4.1743,43.52581748415081,1.67,1.9168,0.5557,0.0318,0.0,0.0,502,487,487,15,0.3813644203187251,9.784614477803819,10.698193550109863,2.0447998046875,17.87237548828125,8.72680175429501,8.57397475174954,172.4811162923999,71.48810096049887,17.984767714839826,7.454131314699998,41.31977009136859,17.125769820209108,50.77994661327994,116.66626739812664
conf015,0.15,PNOA_area_LiDAR_508000_4179000_512000_4183000_07_08,7,8,511264.0,4181533.0,511048.0,4181422.0,511480.0,4181644.0,9.5904,1.2572,13.108942275608943,1.1713,0.085,0.0009,0.0,0.0,0.0,312,226,226,86,0.36708303525641023,4.007434717321818,3.48785400390625,2.0047607421875,9.450872421264648,9.21783131197933,9.13903151226842,18.75753675355406,6.585252463040844,1.955865944439654,0.6866504486821033,14.920089686250444,5.238030912377382,23.56523189856523,179.76455615653833
conf015,0.15,PNOA_area_LiDAR_508000_4179000_512000_4183000_07_09,7,9,511696.0,4181533.0,511480.0,4181422.0,511912.0,4181644.0,9.5904,0.1946,2.0291124457791123,0.1874,0.0072,0.0,0.0,0.0,0.0,174,87,87,87,0.36254918390804597,3.22741629885531,3.0387940406799316,2.029541015625,6.821612358093262,8.685216936334749,8.237027976778434,4.369634095963066,1.4394556176390798,0.4556258441736597,0.15009338689096177,22.45444036979993,7.396997007395066,9.071571571571571,447.070914696814
conf015,0.15,PNOA_area_LiDAR_508000_4179000_512000_4183000_07_10,7,10,511956.0,4181533.0,511912.0,4181422.0,512000.0,4181644.0,1.9536,0.1362,6.97174447174447,0.1223,0.0139,0.0,0.0,0.0,0.0,199,108,108,91,0.576428944723618,2.7964288857248096,2.6011810302734375,2.0018310546875,7.123999118804932,6.102963841039388,5.92661630255944,2.7810686331922763,0.8964481610826364,1.4235609301762266,0.4588698613240358,20.419006117417595,6.5818514029562145,55.28255528255528,792.9515418502203
conf015,0.15,PNOA_area_LiDAR_508000_4179000_512000_4183000_08_01,8,1,508228.0,4181311.0,508000.0,4181200.0,508456.0,4181422.0,10.1232,0.0,0.0,0.0,0.0,0.0,0.0,0.0,0.0,640,0,0,640,0.426421521875,,,,,,,0.0,0.0,0.0,0.0,,,0.0,
conf015,0.15,PNOA_area_LiDAR_508000_4179000_512000_4183000_08_02,8,2,508672.0,4181311.0,508456.0,4181200.0,508888.0,4181422.0,9.5904,0.0,0.0,0.0,0.0,0.0,0.0,0.0,0.0,136,0,0,136,0.4202534926470588,,,,,,,0.0,0.0,0.0,0.0,,,0.0,
conf015,0.15,PNOA_area_LiDAR_508000_4179000_512000_4183000_08_03,8,3,509104.0,4181311.0,508888.0,4181200.0,509320.0,4181422.0,9.5904,0.0,0.0,0.0,0.0,0.0,0.0,0.0,0.0,2,0,0,2,0.185809,,,,,,,0.0,0.0,0.0,0.0,,,0.0,
conf015,0.15,PNOA_area_LiDAR_508000_4179000_512000_4183000_08_04,8,4,509536.0,4181311.0,509320.0,4181200.0,509752.0,4181422.0,9.5904,3.7586,39.191274607941274,2.0035,1.1145,0.4827,0.1418,0.0161,0.0,293,293,291,2,0.39112539249146755,12.218617994223845,13.01379680633545,2.847576856613159,22.23974609375,9.204271856218737,9.075748706487182,171.1598321224554,75.65696546898529,17.846996175598036,7.888822725745046,45.5381876556312,20.12902822034409,30.342842842842842,77.42244452721758
conf015,0.15,PNOA_area_LiDAR_508000_4179000_512000_4183000_08_05,8,5,509968.0,4181311.0,509752.0,4181200.0,510184.0,4181422.0,9.5904,7.424,77.41074407741074,2.4072,3.7881,1.108,0.116,0.0047,0.0,654,654,654,0,0.3763027262996942,11.756570061412427,11.613449096679688,3.216278076171875,21.908239364624023,8.273813265050663,7.9781882658729515,284.575312562214,119.6728359995005,29.67293465989051,12.478398815430065,38.3318039550396,16.119724676656855,68.19319319319318,88.0926724137931
conf015,0.15,PNOA_area_LiDAR_508000_4179000_512000_4183000_08_06,8,6,510400.0,4181311.0,510184.0,4181200.0,510616.0,4181422.0,9.5904,7.3267,76.39618785452117,1.921,4.0834,1.2754,0.0469,0.0,0.0,737,736,736,1,0.3857158141112619,11.885016874774642,11.890405178070068,4.612902641296387,18.4122314453125,8.185982363041164,7.957506777958574,315.5540405811626,131.71142346402132,32.903115676213986,13.733673617786673,43.06905436023894,17.97690958603755,76.7434100767434,100.45450202683337
conf015,0.15,PNOA_area_LiDAR_508000_4179000_512000_4183000_08_07,8,7,510832.0,4181311.0,510616.0,4181200.0,511048.0,4181422.0,9.5904,4.9376,51.48481815148481,2.0452,2.4309,0.4499,0.0116,0.0,0.0,497,489,489,8,0.37236545070422533,9.572813974567717,10.011548042297363,2.0515503883361816,16.052906036376953,8.41278590305636,8.237349356790192,154.92410492407453,62.888790087007266,16.154081677935697,6.557473107170427,31.376398437312567,12.736712185476197,50.988488488488485,99.03596889176929
conf015,0.15,PNOA_area_LiDAR_508000_4179000_512000_4183000_08_08,8,8,511264.0,4181311.0,511048.0,4181200.0,511480.0,4181422.0,9.5904,0.2883,3.006131131131131,0.1999,0.087,0.0014,0.0,0.0,0.0,114,61,61,53,0.3818663859649123,6.0393609492505185,6.480273246765137,2.02197265625,11.318695068359375,9.270734297832007,8.83627298775041,12.081660099457704,4.758790933477858,1.259766026386564,0.4962035924964399,41.906556016155754,16.506385478591252,6.360527193860527,211.5851543531044
conf015,0.15,PNOA_area_LiDAR_508000_4179000_512000_4183000_08_09,8,9,511696.0,4181311.0,511480.0,4181200.0,511912.0,4181422.0,9.5904,0.1688,1.7600934267600934,0.1648,0.0039,0.0001,0.0,0.0,0.0,122,64,64,58,0.3568569918032787,3.328211974352598,3.091461181640625,2.0472412109375,7.8485107421875,8.25827369253041,7.74692630613275,3.050411522380374,0.9998472356584858,0.3180692695174731,0.10425500872314875,18.071158307940603,5.923265614090555,6.67334000667334,379.1469194312796
conf015,0.15,PNOA_area_LiDAR_508000_4179000_512000_4183000_08_10,8,10,511956.0,4181311.0,511912.0,4181200.0,512000.0,4181422.0,1.9536,0.0666,3.4090909090909096,0.0524,0.0123,0.0019,0.0,0.0,0.0,38,26,26,12,0.4214056315789474,5.166202013309185,3.6113556623458862,2.088543653488159,11.0093994140625,7.0261890188165115,6.7277604151151245,3.4725306342520934,1.3823218974993385,1.7775033959111861,0.7075767288592028,52.14009961339479,20.75558404653661,13.308763308763309,390.39039039039034
conf015,0.15,PNOA_area_LiDAR_508000_4179000_512000_4183000_09_01,9,1,508228.0,4181089.0,508000.0,4180978.0,508456.0,4181200.0,10.1232,0.3935,3.887110795005532,0.1316,0.1557,0.0956,0.0106,0.0,0.0,654,86,86,568,0.4487671498470948,10.876471926999647,12.386538982391357,2.0814545154571533,16.97344970703125,8.449833916084184,8.081259996341274,37.90532970428127,16.240136946621206,3.7444019385452494,1.6042493427593256,96.32866506805914,41.27099605240459,8.495337442705864,218.55146124523506
conf015,0.15,PNOA_area_LiDAR_508000_4179000_512000_4183000_09_02,9,2,508672.0,4181089.0,508456.0,4180978.0,508888.0,4181200.0,9.5904,0.1739,1.8132716049382713,0.0596,0.0827,0.0285,0.0031,0.0,0.0,152,32,32,120,0.4043617302631579,10.180070362985134,10.475961208343506,3.2995879650115967,17.457836151123047,10.344395114826803,9.958997155013908,16.398431711024397,7.08127707248446,1.7098798497481227,0.7383713997835815,94.29805469249222,40.72039719657539,3.33667000333667,184.01380103507762
conf015,0.15,PNOA_area_LiDAR_508000_4179000_512000_4183000_09_03,9,3,509104.0,4181089.0,508888.0,4180978.0,509320.0,4181200.0,9.5904,0.1556,1.6224557891224556,0.1179,0.0333,0.0044,0.0,0.0,0.0,6,6,6,0,0.2725046666666667,9.504412333170572,10.631256103515625,4.994158744812012,12.738146781921387,11.636690288015693,11.70952084970779,3.243701559380915,1.4088603438437337,0.3382238029050837,0.14690318900606164,20.846411050005884,9.05437238974122,0.6256256256256256,38.56041131105399
conf015,0.15,PNOA_area_LiDAR_508000_4179000_512000_4183000_09_04,9,4,509536.0,4181089.0,509320.0,4180978.0,509752.0,4181200.0,9.5904,4.8253,50.31385552218885,2.2365,1.8282,0.6702,0.0873,0.0026,0.0005,434,432,432,2,0.40284818433179725,11.092618983652857,11.435015678405762,2.497021436691284,18.53289794921875,8.995171076308267,8.661777515051789,216.17624525328807,94.05210686398243,22.54089978033117,9.806901366364533,44.80058136349824,19.491452731225504,45.04504504504504,89.52811224172589
conf015,0.15,PNOA_area_LiDAR_508000_4179000_512000_4183000_09_05,9,5,509968.0,4181089.0,509752.0,4180978.0,510184.0,4181200.0,9.5904,7.5303,78.51914414414415,1.6244,4.0945,1.708,0.1034,0.0,0.0,753,752,752,1,0.385696780876494,12.020480802084537,12.09814453125,2.557373046875,17.735986709594727,8.009273514520565,7.828276987838799,322.67829832794956,135.12202371118167,33.64596871120595,14.089300103351441,42.850656458301735,17.943776969201977,78.41174507841174,99.86321926085282
conf015,0.15,PNOA_area_LiDAR_508000_4179000_512000_4183000_09_06,9,6,510400.0,4181089.0,510184.0,4180978.0,510616.0,4181200.0,9.5904,6.9667,72.64243410076743,1.8354,3.5743,1.4325,0.1243,0.0002,0.0,695,694,694,1,0.4100407194244604,11.854786119131258,11.89607858657837,2.34619140625,17.984588623046875,8.032575730951947,7.876380083665114,289.7524827084597,120.74279906108033,30.21276304517639,12.58996486706293,41.59106646022646,17.33141933211999,72.36403069736403,99.6167482452237
conf015,0.15,PNOA_area_LiDAR_508000_4179000_512000_4183000_09_07,9,7,510832.0,4181089.0,510616.0,4180978.0,511048.0,4181200.0,9.5904,5.0515,52.67246413079746,1.8117,2.722,0.4975,0.0196,0.0007,0.0,534,515,515,19,0.3767321554307116,9.553167593594894,9.6036376953125,2.01220703125,18.850635528564453,8.443334293898591,8.15733727947165,159.45972363674156,64.26300487254669,16.627014893720965,6.700763771328274,31.56680661917085,12.72156881570755,53.699532866199526,101.94991586657429
conf015,0.15,PNOA_area_LiDAR_508000_4179000_512000_4183000_09_08,9,8,511264.0,4181089.0,511048.0,4180978.0,511480.0,4181200.0,9.5904,1.4726,15.354938271604937,0.7336,0.6778,0.0612,0.0,0.0,0.0,351,259,259,92,0.38515663247863247,7.737902126717291,8.3890380859375,2.009033203125,13.38726806640625,9.439800452427725,9.315479230352372,72.6438055121167,29.25812079574707,7.574637711890713,3.0507716879115647,49.3303038925144,19.8683422489115,27.00617283950617,175.87939698492463
conf015,0.15,PNOA_area_LiDAR_508000_4179000_512000_4183000_09_09,9,9,511696.0,4181089.0,511480.0,4180978.0,511912.0,4181200.0,9.5904,0.253,2.6380547213880545,0.2313,0.0212,0.0005,0.0,0.0,0.0,178,77,76,102,0.3930354606741573,3.831172162836248,3.152679443359375,2.0228271484375,9.325983047485352,7.936868928814787,7.495906812846997,5.199860701236268,1.822135984386376,0.5421943507295074,0.1899958275344486,20.552809095795528,7.20211851536117,7.9245912579245905,300.39525691699606
conf015,0.15,PNOA_area_LiDAR_508000_4179000_512000_4183000_09_10,9,10,511956.0,4181089.0,511912.0,4180978.0,512000.0,4181200.0,1.9536,0.1268,6.49058149058149,0.1151,0.0117,0.0,0.0,0.0,0.0,101,49,49,52,0.41355553465346534,3.7564420116191006,3.4221434593200684,2.0389647483825684,7.230703830718994,6.357048789602566,5.917488920055757,2.335506323921199,0.7801840765852593,1.1954884950456588,0.39935712355920316,18.418819589283903,6.152871266445263,25.08190008190008,386.4353312302839
conf015,0.15,PNOA_area_LiDAR_508000_4179000_512000_4183000_10_01,10,1,508228.0,4180867.0,508000.0,4180756.0,508456.0,4180978.0,10.1232,2.4976,24.67204046151414,0.8428,1.0982,0.5092,0.0474,0.0,0.0,341,334,334,7,0.43714120527859235,11.226463392823042,11.799382209777832,2.1108460426330566,18.624053955078125,8.921705654378412,8.582228791407154,163.96158093457626,70.7103702689838,16.19661578696225,6.984982048066203,65.64765412178743,28.311326981495757,32.993519835625094,133.72837924407432
conf015,0.15,PNOA_area_LiDAR_508000_4179000_512000_4183000_10_02,10,2,508672.0,4180867.0,508456.0,4180756.0,508888.0,4180978.0,9.5904,1.9816,20.662328995662328,0.5271,0.908,0.4715,0.0729,0.0021,0.0,192,190,190,2,0.40180875,10.912423795147946,11.042006015777588,2.9932799339294434,19.952423095703125,8.772076331184891,8.522927148117109,85.24286046983143,36.347395430278276,8.888352985259365,3.7899770009883085,43.017188367900395,18.34244823893736,19.811478144811478,95.88211546225273
conf015,0.15,PNOA_area_LiDAR_508000_4179000_512000_4183000_10_03,10,3,509104.0,4180867.0,508888.0,4180756.0,509320.0,4180978.0,9.5904,1.7991,18.759384384384383,0.7607,0.8233,0.1969,0.0164,0.0018,0.0,153,149,149,4,0.3742433333333333,8.992355458688415,9.436694145202637,2.025744676589966,22.4268741607666,8.778335442681078,8.525283321614749,47.2885682866496,19.518269626742416,4.930823353212546,2.035188274393395,26.284569110471683,10.848907579757888,15.53636970303637,82.81918737146351
conf015,0.15,PNOA_area_LiDAR_508000_4179000_512000_4183000_10_04,10,4,509536.0,4180867.0,509320.0,4180756.0,509752.0,4180978.0,9.5904,7.8277,81.62016182849516,1.8792,5.0017,0.9366,0.0102,0.0,0.0,561,560,560,1,0.37335949554367204,10.424818350161825,10.405657768249512,2.199078321456909,15.917455673217773,8.32370723241858,8.101927590833732,196.7308746455175,80.20189937474134,20.513312754996402,8.36272724544767,25.132653863269862,10.245908680039008,58.39172505839172,71.5408101996755
conf015,0.15,PNOA_area_LiDAR_508000_4179000_512000_4183000_10_05,10,5,509968.0,4180867.0,509752.0,4180756.0,510184.0,4180978.0,9.5904,8.1574,85.05797464130798,1.4169,5.2832,1.4229,0.0342,0.0002,0.0,821,821,821,0,0.3841026565164434,10.973617843530356,10.836858749389648,2.1153564453125,19.3511962890625,7.703353785770704,7.4759450395156195,271.4157847205227,109.51154918695299,28.300778353407853,11.418871912219823,33.2723398044135,13.424810501747245,85.60643977310643,100.64481329835486
conf015,0.15,PNOA_area_LiDAR_508000_4179000_512000_4183000_10_06,10,6,510400.0,4180867.0,510184.0,4180756.0,510616.0,4180978.0,9.5904,7.4737,77.92897063730396,1.5893,4.2819,1.5599,0.0425,0.0001,0.0,728,728,728,0,0.4003881675824176,11.28780448436737,11.210412502288818,3.6873717308044434,16.90241050720215,8.12102778703203,7.968572104401121,281.6522781672778,116.12255091822786,29.368147122880984,12.108207261243312,37.68578858761762,15.537491592949658,75.90924257590923,97.40824491215864
conf015,0.15,PNOA_area_LiDAR_508000_4179000_512000_4183000_10_07,10,7,510832.0,4180867.0,510616.0,4180756.0,511048.0,4180978.0,9.5904,2.5804,26.906072739406074,1.5261,0.9864,0.0648,0.0031,0.0,0.0,425,339,339,86,0.3973321858823529,6.346081195679386,6.440771579742432,2.02880859375,16.133373260498047,8.838619592893249,8.541394981494625,63.793276315149335,24.995269337055507,6.651784734228951,2.606280169446061,24.722243185222965,9.686587093882927,35.347847847847845,131.3749806231592
conf015,0.15,PNOA_area_LiDAR_508000_4179000_512000_4183000_10_08,10,8,511264.0,4180867.0,511048.0,4180756.0,511480.0,4180978.0,9.5904,2.0417,21.288997330663996,1.0764,0.8857,0.0795,0.0001,0.0,0.0,435,373,373,62,0.41673987816091956,7.364685245876977,8.257568359375,2.0115966796875,14.36383056640625,9.004884716491063,8.981538303353133,95.04405726352452,38.12866021744126,9.910332964581718,3.975711150467265,46.55143128937871,18.67495725005694,38.893059726393055,182.69089484253317
conf015,0.15,PNOA_area_LiDAR_508000_4179000_512000_4183000_10_09,10,9,511696.0,4180867.0,511480.0,4180756.0,511912.0,4180978.0,9.5904,0.7108,7.411578244911578,0.5789,0.1299,0.002,0.0,0.0,0.0,318,196,194,124,0.4036488081761006,4.500210816762885,3.580175757408142,2.000732421875,10.31951904296875,8.406112234360332,8.413096801375236,18.629256842648445,6.795902720301798,1.9424900778537333,0.7086151485132838,26.208858810704058,9.560921103407145,20.22856189522856,272.931907709623
conf015,0.15,PNOA_area_LiDAR_508000_4179000_512000_4183000_10_10,10,10,511956.0,4180867.0,511912.0,4180756.0,512000.0,4180978.0,1.9536,0.1749,8.952702702702704,0.1359,0.0316,0.0063,0.0011,0.0,0.0,149,80,80,69,0.46012889932885903,4.964922106266021,3.6005982160568237,2.001953125,16.057031631469727,6.793198625245785,6.088269004146123,7.8389150750018874,2.9883500416449262,4.012548666565258,1.5296632072302039,44.81941152087986,17.0860494090619,40.95004095004095,457.40423098913664
conf015,0.15,PNOA_area_LiDAR_508000_4179000_512000_4183000_11_01,11,1,508228.0,4180645.0,508000.0,4180534.0,508456.0,4180756.0,10.1232,3.5463,35.031412991939305,1.2999,1.5665,0.5814,0.098,0.0005,0.0,378,378,376,2,0.36794367195767197,12.593339578815238,12.860887050628662,3.56280517578125,18.9840087890625,8.7486901214187,8.600346587040193,202.046159978743,87.00649187664762,19.95872451188784,8.594761723234512,56.97379239735584,24.534442059794042,37.14240556345819,106.02599892846065
conf015,0.15,PNOA_area_LiDAR_508000_4179000_512000_4183000_11_02,11,2,508672.0,4180645.0,508456.0,4180534.0,508888.0,4180756.0,9.5904,1.1522,12.014097430764096,0.4133,0.5645,0.1586,0.0157,0.0001,0.0,139,136,136,3,0.3885453597122302,9.94399525663432,9.856826782226562,2.5412964820861816,17.329635620117188,9.411967151817187,9.37899417293416,59.42474880404222,25.280698939335007,6.196274274695759,2.6360421816957587,51.57502933869313,21.941241919228442,14.180847514180847,118.03506335705607
conf015,0.15,PNOA_area_LiDAR_508000_4179000_512000_4183000_11_03,11,3,509104.0,4180645.0,508888.0,4180534.0,509320.0,4180756.0,9.5904,2.4891,25.95407907907908,1.013,1.2903,0.1764,0.0094,0.0,0.0,136,135,135,1,0.3205267205882353,9.527135333308467,9.037793159484863,2.368609666824341,17.740102767944336,9.088456543974266,8.620199083413787,47.69547329662596,19.649644347242493,4.973251720118656,2.048886839677437,19.16173448098749,7.894276785682573,14.076576576576576,54.23647101361938
conf015,0.15,PNOA_area_LiDAR_508000_4179000_512000_4183000_11_04,11,4,509536.0,4180645.0,509320.0,4180534.0,509752.0,4180756.0,9.5904,5.5315,57.677469135802475,1.9503,2.7371,0.8131,0.031,0.0,0.0,579,574,574,5,0.3976073091537133,10.393661236513783,10.973388671875,2.0069580078125,17.253265380859375,8.378577555428299,8.272752768365024,213.00967566669232,88.22490801179755,22.21071860054766,9.199293878440685,38.508483352922774,15.949544971851676,59.851518184851514,103.76932116062551
conf015,0.15,PNOA_area_LiDAR_508000_4179000_512000_4183000_11_05,11,5,509968.0,4180645.0,509752.0,4180534.0,510184.0,4180756.0,9.5904,7.2971,76.08754587921254,1.9755,4.0132,1.2481,0.0603,0.0,0.0,765,765,765,0,0.40464925751633984,12.057816106197881,12.250170707702637,3.0763611793518066,17.783838272094727,7.981957498456573,7.728152086459506,321.7458871001682,134.05567093254757,33.548745318252436,13.978110499306345,44.0922951720777,18.371088642412406,79.76726726726726,104.83616779268476
conf015,0.15,PNOA_area_LiDAR_508000_4179000_512000_4183000_11_06,11,6,510400.0,4180645.0,510184.0,4180534.0,510616.0,4180756.0,9.5904,7.8941,82.31252085418751,1.7521,4.6746,1.4232,0.0442,0.0,0.0,730,730,730,0,0.3871532383561644,11.783658404546241,11.787768363952637,5.331072807312012,17.664306640625,8.268437141025164,8.036471537598109,310.3290977553553,129.31968675772706,32.358305988838346,13.48428498891882,39.3115235119083,16.381815122398635,76.11778445111779,92.47412624618386
conf015,0.15,PNOA_area_LiDAR_508000_4179000_512000_4183000_11_07,11,7,510832.0,4180645.0,510616.0,4180534.0,511048.0,4180756.0,9.5904,2.8246,29.452369035702368,1.2606,1.1036,0.4134,0.044,0.0028,0.0002,409,354,354,55,0.4086903471882641,9.052292638579331,8.73604154586792,2.0015869140625,17.639820098876953,9.112508748124629,8.962205022862612,127.35283052832385,53.6993249211995,13.279199045746147,5.599278958249863,45.08703197915593,19.01130245740972,36.91191191191191,125.32747999716773
conf015,0.15,PNOA_area_LiDAR_508000_4179000_512000_4183000_11_08,11,8,511264.0,4180645.0,511048.0,4180534.0,511480.0,4180756.0,9.5904,2.1474,22.39114114114114,1.3298,0.7482,0.0691,0.0003,0.0,0.0,476,382,382,94,0.4080316512605042,6.923275108736847,7.488867282867432,2.0072021484375,13.955530166625977,9.242243518209312,9.137388282688917,93.59825729933,37.596362071081714,9.759578046726935,3.9202079236613394,43.58678276023563,17.507852319587272,39.831498164831494,177.88954084008566
conf015,0.15,PNOA_area_LiDAR_508000_4179000_512000_4183000_11_09,11,9,511696.0,4180645.0,511480.0,4180534.0,511912.0,4180756.0,9.5904,0.465,4.848598598598598,0.4129,0.0509,0.0012,0.0,0.0,0.0,406,236,236,170,0.417080263546798,3.2073579137608155,2.515594482421875,2.0079345703125,10.48516845703125,7.4381032757364505,6.685387805994317,12.108194592560295,4.219960589828481,1.2625328028612253,0.44001924735448783,26.039128156043645,9.075184064147269,24.60794127460794,507.5268817204301
conf015,0.15,PNOA_area_LiDAR_508000_4179000_512000_4183000_11_10,11,10,511956.0,4180645.0,511912.0,4180534.0,512000.0,4180756.0,1.9536,0.0722,3.6957411957411956,0.0532,0.019,0.0,0.0,0.0,0.0,243,56,56,187,0.528388390946502,3.5941837642874037,2.315844774246216,2.0010986328125,8.162389755249023,6.055982153186878,5.3217568467279825,2.9512166360795047,1.0496060655507133,1.5106555262487227,0.5372676420714134,40.87557667700145,14.537480132281349,28.665028665028665,775.6232686980609
conf015,0.15,PNOA_area_LiDAR_508000_4179000_512000_4183000_12_01,12,1,508228.0,4180423.0,508000.0,4180312.0,508456.0,4180534.0,10.1232,4.5612,45.05689900426743,1.9987,1.7738,0.6564,0.1316,0.0007,0.0,652,651,651,1,0.3978133527607362,11.890230067863993,12.648565292358398,2.13824462890625,20.040447235107422,8.417628196803818,8.201298151068775,312.7972851264478,134.0501366931679,30.899052189668065,13.241873784294283,68.57784905867923,29.389225794345325,64.30772878141299,142.7255985267035
conf015,0.15,PNOA_area_LiDAR_508000_4179000_512000_4183000_12_02,12,2,508672.0,4180423.0,508456.0,4180312.0,508888.0,4180534.0,9.5904,2.4476,25.521354688021354,1.1559,0.96,0.3149,0.0168,0.0,0.0,311,309,309,2,0.4085911993569132,10.437240697033582,10.987017631530762,2.257956027984619,16.8214168548584,9.337217587357564,8.943710666631885,143.19388166143864,61.11690772979424,14.930960300033224,6.372717272459359,58.50379214799748,24.97013716693669,32.21971971971972,126.24611864683772
conf015,0.15,PNOA_area_LiDAR_508000_4179000_512000_4183000_12_03,12,3,509104.0,4180423.0,508888.0,4180312.0,509320.0,4180534.0,9.5904,0.8858,9.23631965298632,0.5751,0.2468,0.056,0.0073,0.0006,0.0,177,164,164,13,0.40997295480225987,6.0555433500103835,4.830955505371094,2.05303955078125,17.102497100830078,8.70736903050836,8.636452124999884,27.75782159518008,10.851946402591278,2.8943340835815063,1.1315426262294874,31.336443435516006,12.251011969509232,17.100433767100434,185.14337322194626
conf015,0.15,PNOA_area_LiDAR_508000_4179000_512000_4183000_12_04,12,4,509536.0,4180423.0,509320.0,4180312.0,509752.0,4180534.0,9.5904,5.9896,62.454120787454116,2.5904,2.7345,0.6417,0.023,0.0,0.0,631,629,629,2,0.3879017004754358,10.726116175871395,10.775683403015137,2.0831298828125,17.786029815673828,8.437795574656803,8.146479555357033,238.84446920248843,98.48754800972839,24.90453674533788,10.269388973320027,39.87653085389482,16.44309269562715,65.58641975308642,105.01535995725925
conf015,0.15,PNOA_area_LiDAR_508000_4179000_512000_4183000_12_05,12,5,509968.0,4180423.0,509752.0,4180312.0,510184.0,4180534.0,9.5904,6.7287,70.16078578578579,2.022,3.1591,1.413,0.1343,0.0003,0.0,823,823,823,0,0.4249287897934386,13.169722059952097,13.552892684936523,2.449871778488159,19.03656005859375,7.773354098134265,7.562664044702472,382.94965534054893,161.07251681396787,39.930519617591436,16.795182350472125,56.91287400843386,23.938133192736764,85.81498164831497,122.3118878832464
conf015,0.15,PNOA_area_LiDAR_508000_4179000_512000_4183000_12_06,12,6,510400.0,4180423.0,510184.0,4180312.0,510616.0,4180534.0,9.5904,8.3911,87.49478645311977,1.9198,5.2176,1.2091,0.0446,0.0,0.0,651,651,651,0,0.3506881735791091,11.936735635162682,11.960205078125,5.188775539398193,17.30340576171875,8.231136057157675,7.977263528078275,280.07196102955237,116.8322554797531,29.203365973218254,12.182208821295577,33.37726412860678,13.92335396786513,67.88038038038037,77.58220018829475
conf015,0.15,PNOA_area_LiDAR_508000_4179000_512000_4183000_12_07,12,7,510832.0,4180423.0,510616.0,4180312.0,511048.0,4180534.0,9.5904,4.7534,49.56414748081415,1.561,2.6383,0.5367,0.0173,0.0001,0.0,431,410,410,21,0.3772599976798144,9.84358152238334,9.970535278320312,2.100830078125,17.074634552001953,8.826053211475203,8.517324139646693,148.78391637061804,61.49573243111712,15.513838460399779,6.412217679253954,31.300525175793755,12.937209666999857,42.75108441775108,86.25404973282282
conf015,0.15,PNOA_area_LiDAR_508000_4179000_512000_4183000_12_08,12,8,511264.0,4180423.0,511048.0,4180312.0,511480.0,4180534.0,9.5904,1.8399,19.184809809809806,1.0739,0.7183,0.0477,0.0,0.0,0.0,454,309,309,145,0.4189416872246696,6.7495709229441525,7.325707912445068,2.022705078125,12.105486869812012,9.168715233035828,8.991063744481563,69.93722858195981,27.830261365725683,7.292420397685166,2.9018874463761346,38.01142919830415,15.125964109856884,32.21971971971972,167.9439099951084
conf015,0.15,PNOA_area_LiDAR_508000_4179000_512000_4183000_12_09,12,9,511696.0,4180423.0,511480.0,4180312.0,511912.0,4180534.0,9.5904,1.2471,13.003628628628627,0.8809,0.3389,0.0272,0.0001,0.0,0.0,321,195,194,127,0.4229321557632399,5.589611030236268,4.726812839508057,2.0013427734375,13.051403999328613,8.97461854639737,8.550836479108302,36.99417320504136,14.850910429526975,3.8574171259844596,1.5485183547638235,29.664159413873275,11.908355728912657,20.22856189522856,155.5609012909951
conf015,0.15,PNOA_area_LiDAR_508000_4179000_512000_4183000_12_10,12,10,511956.0,4180423.0,511912.0,4180312.0,512000.0,4180534.0,1.9536,0.0162,0.8292383292383292,0.0162,0.0,0.0,0.0,0.0,0.0,161,52,52,109,0.41699080745341616,2.2578732875677257,2.261486768722534,2.001708984375,2.77618408203125,4.921205085029678,4.703880816014223,0.44522969127145956,0.11341089018881975,0.22790217612175448,0.05805225746765958,27.483314276016024,7.000672233877763,26.617526617526618,3209.8765432098767
conf015,0.15,PNOA_area_LiDAR_508000_4179000_512000_4183000_13_01,13,1,508228.0,4180201.0,508000.0,4180090.0,508456.0,4180312.0,10.1232,4.4101,43.56428797218271,1.9666,1.5776,0.6919,0.1718,0.0022,0.0,665,664,664,1,0.39741017293233083,12.8529737656375,13.4378662109375,2.3758575916290283,20.217082977294922,8.191772072077008,7.9496292635538275,338.883767164166,145.544263172131,33.47595297575529,14.377298005781865,76.84264918350287,33.0024859237049,65.59190769717085,150.563479286184
conf015,0.15,PNOA_area_LiDAR_508000_4179000_512000_4183000_13_02,13,2,508672.0,4180201.0,508456.0,4180090.0,508888.0,4180312.0,9.5904,3.5703,37.22785285285285,1.1642,1.5455,0.7534,0.1062,0.001,0.0,308,308,308,0,0.416999,13.325861649853843,13.721133708953857,2.172293186187744,20.74346923828125,8.63470380187077,8.443975996354798,180.40813582497324,78.38645052709765,18.81132547390862,8.173428691931269,50.530245588598504,21.955143973082837,32.11544878211544,86.26726045430355
conf015,0.15,PNOA_area_LiDAR_508000_4179000_512000_4183000_13_03,13,3,509104.0,4180201.0,508888.0,4180090.0,509320.0,4180312.0,9.5904,3.3476,34.90573907240574,1.2434,1.4871,0.5685,0.0477,0.0009,0.0,385,374,374,11,0.4041550051948052,10.176037550610017,11.197576522827148,2.06976318359375,19.419845581054688,8.398873352550556,8.230726812078103,147.48335836931963,62.55496618374947,15.378228058195656,6.5226649757830195,44.05644592224866,18.686511585538735,38.997330663997325,111.72183056518102
conf015,0.15,PNOA_area_LiDAR_508000_4179000_512000_4183000_13_04,13,4,509536.0,4180201.0,509320.0,4180090.0,509752.0,4180312.0,9.5904,4.1195,42.95441274607941,1.9008,1.6847,0.4966,0.0374,0.0,0.0,544,537,537,7,0.38935610845588237,10.307759704980548,10.357190132141113,2.12725830078125,18.1151123046875,8.321042442710386,8.146337769793638,194.37460826138258,80.47395674141737,20.26762264987723,8.391094922153128,47.184029193198825,19.53488451060016,55.99349349349349,130.3556256827285
conf015,0.15,PNOA_area_LiDAR_508000_4179000_512000_4183000_13_05,13,5,509968.0,4180201.0,509752.0,4180090.0,510184.0,4180312.0,9.5904,6.6246,69.07532532532532,2.3508,3.0973,1.0929,0.0836,0.0,0.0,769,767,767,2,0.3842032587776333,12.291015597023895,12.361498832702637,3.0212645530700684,17.780736923217773,7.848920942031473,7.563746965378795,322.68060857286264,134.3356717890085,33.64620960260913,14.007306451139524,48.70944790219223,20.278306884794326,79.9758091424758,115.78057543096942
conf015,0.15,PNOA_area_LiDAR_508000_4179000_512000_4183000_13_06,13,6,510400.0,4180201.0,510184.0,4180090.0,510616.0,4180312.0,9.5904,8.0482,83.91933600266933,2.0861,4.3253,1.5654,0.0714,0.0,0.0,742,742,742,0,0.3811596495956873,12.549275781909088,12.627193927764893,4.41241455078125,18.269481658935547,8.214059293488818,8.054156471646394,349.1807126118855,147.11993785510631,36.40940029736877,15.340333860434008,43.386187298015145,18.279856098892463,77.36903570236903,92.19452796898686
conf015,0.15,PNOA_area_LiDAR_508000_4179000_512000_4183000_13_07,13,7,510832.0,4180201.0,510616.0,4180090.0,511048.0,4180312.0,9.5904,4.796,50.00834167500834,1.771,2.3666,0.6517,0.0067,0.0,0.0,449,434,434,15,0.37926436971046773,10.265025053156137,10.912933349609375,2.05810546875,15.752019882202148,8.374865164358125,7.971515056141845,150.19855449006687,61.426630945071395,15.66134410348545,6.405012402514117,31.31746340493471,12.807888020240073,45.25358692025358,90.49207673060883
conf015,0.15,PNOA_area_LiDAR_508000_4179000_512000_4183000_13_08,13,8,511264.0,4180201.0,511048.0,4180090.0,511480.0,4180312.0,9.5904,1.5807,16.482107107107105,1.0071,0.5476,0.026,0.0,0.0,0.0,502,320,319,183,0.41756372908366535,6.318525479733944,6.545562744140625,2.0277099609375,12.331182479858398,9.162143291628901,8.970542145262074,61.002694333784504,23.663602876887182,6.360808134570456,2.4674260590681496,38.592202400066114,14.970331420818107,33.26242909576243,201.80932498260265
conf015,0.15,PNOA_area_LiDAR_508000_4179000_512000_4183000_13_09,13,9,511696.0,4180201.0,511480.0,4180090.0,511912.0,4180312.0,9.5904,0.1388,1.4472806139472807,0.1268,0.01,0.002,0.0,0.0,0.0,631,177,177,454,0.4292805911251981,2.462423136005294,2.1925048828125,2.0020751953125,12.039599418640137,5.601497652142317,5.516122303070635,2.9092369633879813,0.8868158067025803,0.30334886588546683,0.09246911564716594,20.95992048550419,6.389162872496976,18.455955955955954,1275.2161383285302
conf015,0.15,PNOA_area_LiDAR_508000_4179000_512000_4183000_13_10,13,10,511956.0,4180201.0,511912.0,4180090.0,512000.0,4180312.0,1.9536,0.0308,1.5765765765765767,0.0285,0.0023,0.0,0.0,0.0,0.0,203,50,50,153,0.4503892068965517,2.3880449151992797,2.1773895025253296,2.0054931640625,6.1395263671875,4.8598458133520746,4.712036085643483,0.5781151346626947,0.16398686426693027,0.29592298047844734,0.08394086008749502,18.769971904632943,5.324248839835398,25.593775593775593,1623.3766233766232
conf015,0.15,PNOA_area_LiDAR_508000_4179000_512000_4183000_14_01,14,1,508228.0,4179979.0,508000.0,4179868.0,508456.0,4180090.0,10.1232,3.6498,36.053816974869605,1.4265,1.5582,0.5825,0.0797,0.0029,0.0,428,427,427,1,0.3853967079439252,12.514091291248938,13.006332397460938,2.45159912109375,21.28139877319336,8.252839727593988,7.957814070045187,207.9405206154544,88.6972685868866,20.540987100467678,8.761781708045538,56.973127463273165,24.301953144524795,42.18033823296981,116.99271192942079
conf015,0.15,PNOA_area_LiDAR_508000_4179000_512000_4183000_14_02,14,2,508672.0,4179979.0,508456.0,4179868.0,508888.0,4180090.0,9.5904,2.0082,20.93968968968969,0.6796,0.9586,0.3496,0.0203,0.0001,0.0,222,222,222,0,0.38871215765765765,11.495204311233383,12.324232578277588,2.114758253097534,18.083541870117188,8.675747053985528,8.434060485796488,106.71239606024949,45.65484265877471,11.127001591200521,4.760473250205905,53.13833087354322,22.734211064024855,23.148148148148145,110.54675829100687
conf015,0.15,PNOA_area_LiDAR_508000_4179000_512000_4183000_14_03,14,3,509104.0,4179979.0,508888.0,4179868.0,509320.0,4180090.0,9.5904,4.901,51.10318651985318,1.9042,2.177,0.7376,0.0819,0.0003,0.0,473,472,472,1,0.3868322093023256,11.241564126843112,11.311370849609375,2.0613067150115967,19.229503631591797,8.484171570827735,8.19725456634968,202.7266606074799,85.43728102836265,21.138498978924744,8.908625399186962,41.36434617577635,17.43262212372223,49.21588254921588,96.30687614772496
conf015,0.15,PNOA_area_LiDAR_508000_4179000_512000_4183000_14_04,14,4,509536.0,4179979.0,509320.0,4179868.0,509752.0,4180090.0,9.5904,4.5327,47.26288788788789,2.3194,1.9677,0.2432,0.0024,0.0,0.0,540,536,536,4,0.39566826666666666,9.231971608613854,9.37186861038208,2.01165771484375,16.258071899414062,8.092480837783004,7.869023294839994,147.83223257225035,58.793956816422124,15.414605498441185,6.130501002713351,32.61460775525632,12.971067314497347,55.88922255588922,118.25181459174443
conf015,0.15,PNOA_area_LiDAR_508000_4179000_512000_4183000_14_05,14,5,509968.0,4179979.0,509752.0,4179868.0,510184.0,4180090.0,9.5904,4.2372,44.181681681681674,1.7933,1.7307,0.6377,0.0755,0.0,0.0,526,521,521,5,0.402332288973384,10.629643423772361,10.722681045532227,2.0299072265625,18.395299911499023,8.266807522133721,8.053657209010746,197.1287692319487,82.13812917445276,20.554801596591247,8.56461974208091,46.52335722457017,19.38500169320607,54.32515849182516,122.9585575379968
conf015,0.15,PNOA_area_LiDAR_508000_4179000_512000_4183000_14_06,14,6,510400.0,4179979.0,510184.0,4179868.0,510616.0,4180090.0,9.5904,8.1426,84.90365365365365,2.2435,4.7742,1.0794,0.0454,0.0001,0.0,636,636,636,0,0.37257974842767294,11.416848988278106,11.530154705047607,3.883227586746216,18.062768936157227,8.027947963937173,7.742487972095436,244.10132268104158,100.58475043539488,25.45267378639489,10.488066236590223,29.978302100194234,12.352903303047539,66.31631631631632,78.10772971778056
conf015,0.15,PNOA_area_LiDAR_508000_4179000_512000_4183000_14_07,14,7,510832.0,4179979.0,510616.0,4179868.0,511048.0,4180090.0,9.5904,2.548,26.568234901568232,1.1966,1.0579,0.2888,0.0047,0.0,0.0,378,297,297,81,0.3999119867724868,8.172249250540428,8.159619331359863,2.017578125,15.351031303405762,9.034832850096898,8.67982043392691,83.2272149114172,33.86389297356205,8.678179733005631,3.5310198712839975,32.66374211594082,13.290381857755907,30.968468468468465,116.56200941915228
conf015,0.15,PNOA_area_LiDAR_508000_4179000_512000_4183000_14_08,14,8,511264.0,4179979.0,511048.0,4179868.0,511480.0,4180090.0,9.5904,1.5521,16.18389222555889,1.0786,0.466,0.0075,0.0,0.0,0.0,415,314,314,101,0.4145864843373494,5.6912747522827924,6.302539110183716,2.00634765625,10.8282470703125,9.152620392188465,8.921904165145605,52.210154107245295,20.01217523627662,5.444001721225944,2.086688275387535,33.63839579102203,12.893612032908072,32.741074407741074,202.30655241286
conf015,0.15,PNOA_area_LiDAR_508000_4179000_512000_4183000_14_09,14,9,511696.0,4179979.0,511480.0,4179868.0,511912.0,4180090.0,9.5904,0.2871,2.9936186186186187,0.2631,0.024,0.0,0.0,0.0,0.0,498,332,332,166,0.3969157690763052,2.576876459351505,2.3541839122772217,2.00341796875,10.112622261047363,5.845427933172867,5.618962845392627,7.029709006521379,2.2443172693828854,0.7329943491951721,0.23401706596001057,24.485228166218665,7.817197037209632,34.61795128461795,1156.3915012190873
conf015,0.15,PNOA_area_LiDAR_508000_4179000_512000_4183000_14_10,14,10,511956.0,4179979.0,511912.0,4179868.0,512000.0,4180090.0,1.9536,0.0965,4.939598689598689,0.0682,0.0276,0.0007,0.0,0.0,0.0,167,55,55,112,0.4896819221556886,3.4143589063124224,2.376251220703125,2.004638671875,9.48065185546875,5.997459503949435,5.516670481748299,2.946480217669368,1.0886427178475362,1.5082310696505774,0.557249548447756,30.533473758231793,11.281271687539235,28.153153153153152,569.9481865284974
conf015,0.15,PNOA_area_LiDAR_508000_4179000_512000_4183000_15_01,15,1,508228.0,4179757.0,508000.0,4179646.0,508456.0,4179868.0,10.1232,3.4542,34.12162162162162,1.2291,1.5626,0.5817,0.0789,0.0019,0.0,412,408,408,4,0.4078247087378641,11.86822010489071,11.908070087432861,2.3918304443359375,20.493518829345703,8.098760412843893,7.74542369008002,181.88644687470833,77.26094812249914,17.96728770297024,7.632067737721189,52.65660554533852,22.367248023420515,40.30346135609293,118.11707486538127
conf015,0.15,PNOA_area_LiDAR_508000_4179000_512000_4183000_15_02,15,2,508672.0,4179757.0,508456.0,4179646.0,508888.0,4179868.0,9.5904,2.2108,23.052218885552218,0.9975,0.9688,0.2302,0.0143,0.0,0.0,175,175,175,0,0.3823728514285714,9.819213778632028,9.707763671875,2.5264892578125,17.4425048828125,9.078355152696805,8.632330091822,68.65480859882291,28.8378832907817,7.158701263641027,3.006953129252346,31.054282883491457,13.04409412465248,18.24741408074741,79.15686629274471
conf015,0.15,PNOA_area_LiDAR_508000_4179000_512000_4183000_15_03,15,3,509104.0,4179757.0,508888.0,4179646.0,509320.0,4179868.0,9.5904,1.5957,16.638513513513512,1.2067,0.3533,0.0356,0.0001,0.0,0.0,392,371,370,22,0.4568581581632653,4.876229856856107,3.4988982677459717,2.0042724609375,13.569290161132812,8.693579645842082,8.425402710023112,46.23968387383205,17.62157358127592,4.821455192049554,1.8374179993822906,28.97767993597296,11.043161986135189,38.58024691358025,231.8731591151219
conf015,0.15,PNOA_area_LiDAR_508000_4179000_512000_4183000_15_04,15,4,509536.0,4179757.0,509320.0,4179646.0,509752.0,4179868.0,9.5904,6.2122,64.77519185852519,3.0522,3.0086,0.1511,0.0003,0.0,0.0,502,497,497,5,0.3662469103585657,8.283720369550064,8.493408203125,2.040210008621216,14.434789657592773,8.711751891800995,8.432218570622188,131.11514205260556,52.06931922558156,13.671498795942354,5.42931673606748,21.106072253405486,8.381784106368364,51.822655989322655,80.00386336563535
conf015,0.15,PNOA_area_LiDAR_508000_4179000_512000_4183000_15_05,15,5,509968.0,4179757.0,509752.0,4179646.0,510184.0,4179868.0,9.5904,4.8965,51.05626459793125,2.6012,1.968,0.3085,0.0188,0.0,0.0,514,497,497,17,0.3923645700389105,8.736280782361865,8.367944717407227,2.010986328125,17.281208038330078,8.650098313623559,8.347485790185926,145.56244854948213,59.051507017613325,15.177932990227948,6.157356003671726,29.727856336052717,12.059942207211954,51.822655989322655,101.5010721944246
conf015,0.15,PNOA_area_LiDAR_508000_4179000_512000_4183000_15_06,15,6,510400.0,4179757.0,510184.0,4179646.0,510616.0,4179868.0,9.5904,7.2548,75.64647981314648,2.5242,4.0963,0.6263,0.008,0.0,0.0,551,551,551,0,0.38285095281306714,10.055180592891741,10.159991264343262,2.7725830078125,15.748712539672852,8.274869824210015,7.891301404948418,183.60163658578784,74.86522459058567,19.14431479247871,7.806267162014688,25.307608284968275,10.319405716296199,57.45328661995328,75.9497160500634
conf015,0.15,PNOA_area_LiDAR_508000_4179000_512000_4183000_15_07,15,7,510832.0,4179757.0,510616.0,4179646.0,511048.0,4179868.0,9.5904,3.156,32.907907907907905,1.5363,1.5396,0.0801,0.0,0.0,0.0,452,362,361,91,0.4115666039823009,6.609207544537539,7.036740064620972,2.02783203125,12.462060928344727,9.164887686594577,8.960811013763662,74.97981171795989,29.461298867154433,7.818215269223378,3.071957255917838,23.757861761077276,9.33501231532143,37.64180847514181,114.38529784537388
conf015,0.15,PNOA_area_LiDAR_508000_4179000_512000_4183000_15_08,15,8,511264.0,4179757.0,511048.0,4179646.0,511480.0,4179868.0,9.5904,0.9885,10.307182182182181,0.7066,0.2518,0.0301,0.0,0.0,0.0,289,224,224,65,0.39459310380622836,4.7799975861396105,3.1214263439178467,2.001220703125,13.042139053344727,7.893817644589966,6.8509182262877735,28.977234420306818,11.312667614192527,3.021483402184144,1.1795824589373256,29.314349438853633,11.444276797362193,23.356690023356688,226.60596863935254
conf015,0.15,PNOA_area_LiDAR_508000_4179000_512000_4183000_15_09,15,9,511696.0,4179757.0,511480.0,4179646.0,511912.0,4179868.0,9.5904,0.4004,4.175008341675008,0.3439,0.0563,0.0002,0.0,0.0,0.0,488,234,234,254,0.42494864959016393,3.0648443994359074,2.366235375404358,2.0,8.714147567749023,6.810920638511092,6.0340380476252,11.106780500354935,3.9487330446044777,1.1581144165368424,0.4117380969098763,27.73921203884849,9.861970640870325,24.399399399399396,584.4155844155845
conf015,0.15,PNOA_area_LiDAR_508000_4179000_512000_4183000_15_10,15,10,511956.0,4179757.0,511912.0,4179646.0,512000.0,4179868.0,1.9536,0.099,5.0675675675675675,0.0782,0.0208,0.0,0.0,0.0,0.0,235,74,74,161,0.4640872595744681,3.536729142472551,2.4920928478240967,2.0020751953125,8.146631240844727,6.470017666880332,5.978975646480398,4.471877120457296,1.640303816055207,2.2890443900784683,0.8396313554746145,45.17047596421511,16.56872541469906,37.878787878787875,747.4747474747475
conf015,0.15,PNOA_area_LiDAR_508000_4179000_512000_4183000_16_01,16,1,508228.0,4179535.0,508000.0,4179424.0,508456.0,4179646.0,10.1232,5.3156,52.50908803540382,1.2695,2.6099,1.3197,0.1145,0.002,0.0,520,520,520,0,0.3889323519230769,11.784877960957013,11.809903144836426,2.24639892578125,20.532556533813477,8.263966946562459,8.029340573478766,232.9647196279169,98.7120854534009,23.012952389354837,9.751075297672761,43.82660840317498,18.570262144141942,51.36715663031452,97.82526901948981
conf015,0.15,PNOA_area_LiDAR_508000_4179000_512000_4183000_16_02,16,2,508672.0,4179535.0,508456.0,4179424.0,508888.0,4179646.0,9.5904,1.5899,16.578036369703035,1.2443,0.3058,0.0395,0.0003,0.0,0.0,249,239,239,10,0.43319999598393577,5.212927544964906,3.888928174972534,2.0560302734375,13.986581802368164,8.831297108053787,8.441485788459401,34.05848474619445,13.159953408738067,3.551310137866455,1.3722006807576395,21.421777939615353,8.277220836994822,24.920754087420754,150.3239197433801
conf015,0.15,PNOA_area_LiDAR_508000_4179000_512000_4183000_16_03,16,3,509104.0,4179535.0,508888.0,4179424.0,509320.0,4179646.0,9.5904,2.1355,22.267058725392054,1.3767,0.6931,0.0656,0.0001,0.0,0.0,424,407,407,17,0.4330251344339623,5.219518362743556,3.5074462890625,2.0447998046875,12.681890487670898,8.753515457615105,8.591104139703301,57.71608534243115,22.258628029333742,6.018110333503414,2.320928014403335,27.026965742182696,10.423145881214584,42.438271604938265,190.58768438304847
conf015,0.15,PNOA_area_LiDAR_508000_4179000_512000_4183000_16_04,16,4,509536.0,4179535.0,509320.0,4179424.0,509752.0,4179646.0,9.5904,2.3984,25.00834167500834,1.6105,0.7579,0.03,0.0,0.0,0.0,447,420,420,27,0.3991857494407159,5.398866590999422,4.588024854660034,2.0042724609375,12.648290634155273,8.877652052567283,8.562649470055817,64.39987431304687,24.950099726479216,6.7150352762186,2.6015702918000514,26.851181751603928,10.402810092761515,43.79379379379379,175.11674449633088
conf015,0.15,PNOA_area_LiDAR_508000_4179000_512000_4183000_16_05,16,5,509968.0,4179535.0,509752.0,4179424.0,510184.0,4179646.0,9.5904,3.1354,32.69310977644311,1.7495,1.3336,0.0514,0.0009,0.0,0.0,390,355,355,35,0.4257028666666667,6.566785892298523,7.133416652679443,2.0067138671875,15.013158798217773,8.952443129564148,8.696483787255069,70.9404323117189,27.655279315555987,7.397025391195246,2.883641903941023,22.625640209134048,8.820335305082601,37.01618284951618,113.22319321298717
conf015,0.15,PNOA_area_LiDAR_508000_4179000_512000_4183000_16_06,16,6,510400.0,4179535.0,510184.0,4179424.0,510616.0,4179646.0,9.5904,4.1716,43.49766433099766,2.372,1.5671,0.231,0.0015,0.0,0.0,562,551,551,11,0.4238568487544484,7.13349995033278,6.400299072265625,2.0279541015625,15.4759521484375,8.406583444355928,8.188671024587936,110.79101383258802,43.24387687727046,11.552282890451703,4.509079587636642,26.558398176380294,10.366256802490762,57.45328661995328,132.0836130022054
conf015,0.15,PNOA_area_LiDAR_508000_4179000_512000_4183000_16_07,16,7,510832.0,4179535.0,510616.0,4179424.0,511048.0,4179646.0,9.5904,0.8503,8.866157824491157,0.6053,0.2295,0.0155,0.0,0.0,0.0,542,303,303,239,0.39825660885608855,3.7653660349326556,2.6233153343200684,2.0037841796875,12.438525199890137,8.243230652073795,6.875512192251299,26.768872720441514,10.04820251375324,2.7912154571698276,1.0477354973466424,31.48168025454724,11.817243930087312,31.594094094094093,356.34481947547926
conf015,0.15,PNOA_area_LiDAR_508000_4179000_512000_4183000_16_08,16,8,511264.0,4179535.0,511048.0,4179424.0,511480.0,4179646.0,9.5904,0.2717,2.833041374708041,0.2516,0.0156,0.0045,0.0,0.0,0.0,535,263,262,273,0.4042803570093458,2.451505735346573,2.232562303543091,2.00146484375,12.9417724609375,5.889748423210438,5.730027898563808,6.175181266975948,2.2203525176005803,0.6438919405839119,0.23151823882221598,22.727939885815047,8.17207404343239,27.318985652318982,964.2988590357012
conf015,0.15,PNOA_area_LiDAR_508000_4179000_512000_4183000_16_09,16,9,511696.0,4179535.0,511480.0,4179424.0,511912.0,4179646.0,9.5904,0.8704,9.075742409075742,0.4671,0.3505,0.0528,0.0,0.0,0.0,498,225,225,273,0.4132332248995984,4.753448497984144,2.70965576171875,2.0009765625,13.211010932922363,7.789131465150635,6.92116056861556,32.86949973996038,13.247504514323909,3.4273335564690086,1.3813297166253657,37.76367157624125,15.220018973258169,23.46096096096096,258.50183823529414
conf015,0.15,PNOA_area_LiDAR_508000_4179000_512000_4183000_16_10,16,10,511956.0,4179535.0,511912.0,4179424.0,512000.0,4179646.0,1.9536,0.1461,7.478501228501229,0.1097,0.0325,0.0039,0.0,0.0,0.0,204,107,107,97,0.5542381666666667,3.752312085338842,2.5166258811950684,2.00531005859375,13.854510307312012,6.305093326512069,6.132743235797026,5.527498061314781,1.9699998925765367,2.829390899526403,1.0083947034073182,37.833662295104595,13.483914391352064,54.77067977067977,732.3750855578371
conf015,0.15,PNOA_area_LiDAR_508000_4179000_512000_4183000_17_01,17,1,508228.0,4179313.0,508000.0,4179202.0,508456.0,4179424.0,10.1232,5.3501,52.849889363047254,1.6142,2.2912,1.15,0.2534,0.0389,0.0024,483,480,480,3,0.38670063354037265,13.233229139943917,13.170620918273926,2.04095458984375,25.535202026367188,8.517491060542504,8.39235906723622,284.72379745873405,125.73590481758038,28.125869039309116,12.42056907080571,53.218406657582854,23.501599001435554,47.415836889521096,89.71794919721127
conf015,0.15,PNOA_area_LiDAR_508000_4179000_512000_4183000_17_02,17,2,508672.0,4179313.0,508456.0,4179202.0,508888.0,4179424.0,9.5904,3.44,35.8692025358692,1.6405,1.2447,0.5088,0.0421,0.0039,0.0,368,358,358,10,0.41742528260869566,7.150728239693455,5.238458156585693,2.0857086181640625,28.189258575439453,8.812827322763404,8.56405903390922,90.53858332897904,37.663665302860416,9.440542973075058,3.9272256947427024,26.319355618889258,10.948739913622214,37.32899566232899,104.06976744186046
conf015,0.15,PNOA_area_LiDAR_508000_4179000_512000_4183000_17_03,17,3,509104.0,4179313.0,508888.0,4179202.0,509320.0,4179424.0,9.5904,2.3521,24.525567233900567,1.2652,0.91,0.1738,0.0031,0.0,0.0,386,360,360,26,0.40450626424870467,6.781674873828888,5.9645445346832275,2.0303955078125,17.8626708984375,8.97495790294688,8.645139239162136,83.31719299958591,34.0188886390478,8.687561832622821,3.5471814146487946,35.422470558048516,14.463198264975043,37.53753753753753,153.05471706134944
conf015,0.15,PNOA_area_LiDAR_508000_4179000_512000_4183000_17_04,17,4,509536.0,4179313.0,509320.0,4179202.0,509752.0,4179424.0,9.5904,0.639,6.662912912912912,0.564,0.0733,0.0017,0.0,0.0,0.0,339,260,260,79,0.43077721828908555,3.680964725751143,2.8569306135177612,2.005859375,10.264575004577637,8.404944041716,8.010006797728135,18.15412505452048,6.45790528571556,1.8929476408200367,0.6733718391011386,28.4102113529272,10.106268052763005,27.11044377711044,406.88575899843505
conf015,0.15,PNOA_area_LiDAR_508000_4179000_512000_4183000_17_05,17,5,509968.0,4179313.0,509752.0,4179202.0,510184.0,4179424.0,9.5904,0.8681,9.05176009342676,0.6701,0.1894,0.0086,0.0,0.0,0.0,327,249,249,78,0.4298520856269113,4.5323081121866,3.252960205078125,2.0001220703125,11.863744735717773,9.304394937701245,9.193509140054518,30.1243331179925,11.334101998844877,3.1410924589164684,1.1818174423219967,34.70145503742944,13.056217024357652,25.963463463463462,286.8333141343163
conf015,0.15,PNOA_area_LiDAR_508000_4179000_512000_4183000_17_06,17,6,510400.0,4179313.0,510184.0,4179202.0,510616.0,4179424.0,9.5904,1.1992,12.50417083750417,0.8699,0.3119,0.0172,0.0002,0.0,0.0,210,181,181,29,0.41833498571428573,5.551135125081183,5.297509670257568,2.0076904296875,14.96630859375,9.398734134724373,9.068984075761241,30.23823839664508,11.609116109297974,3.1529694691196486,1.2104934214733456,25.21534222535447,9.68071723590558,18.87303970637304,150.9339559706471
conf015,0.15,PNOA_area_LiDAR_508000_4179000_512000_4183000_17_07,17,7,510832.0,4179313.0,510616.0,4179202.0,511048.0,4179424.0,9.5904,1.4327,14.938897230563896,1.0385,0.3498,0.0442,0.0002,0.0,0.0,489,305,305,184,0.40141584049079754,3.782515782215556,2.689868211746216,2.0020751953125,13.94482421875,8.070802810144693,6.522296300601646,28.965638209018273,11.046543344223943,3.02027425436043,1.151833431788449,20.217518118949027,7.71029758094782,31.802635969302635,212.88476303482932
conf015,0.15,PNOA_area_LiDAR_508000_4179000_512000_4183000_17_08,17,8,511264.0,4179313.0,511048.0,4179202.0,511480.0,4179424.0,9.5904,0.1664,1.7350684017350682,0.1595,0.0069,0.0,0.0,0.0,0.0,529,256,256,273,0.43944279206049147,2.4151429440826178,2.2977294921875,2.0013427734375,8.140722274780273,5.972587259215843,5.786506288588756,4.466254969316008,1.3658492063381982,0.46570059323031443,0.14241837737093324,26.840474575216398,8.208228403474749,26.69336002669336,1538.4615384615386
conf015,0.15,PNOA_area_LiDAR_508000_4179000_512000_4183000_17_09,17,9,511696.0,4179313.0,511480.0,4179202.0,511912.0,4179424.0,9.5904,0.3451,3.5983900567233897,0.2611,0.0727,0.0111,0.0002,0.0,0.0,402,233,233,169,0.45612012437810945,3.1630240735066297,2.4594788551330566,2.0001220703125,13.1130952835083,6.451791654305385,6.0344977194467955,13.847325147310608,5.44214358315956,1.4438735764212762,0.5674574139931139,40.12554374764012,15.769758282119849,24.295128461795127,675.1666183714865
conf015,0.15,PNOA_area_LiDAR_508000_4179000_512000_4183000_17_10,17,10,511956.0,4179313.0,511912.0,4179202.0,512000.0,4179424.0,1.9536,0.0435,2.2266584766584763,0.0427,0.0008,0.0,0.0,0.0,0.0,150,51,51,99,0.5156899266666667,2.60994226324792,2.300454616546631,2.0032958984375,7.301461696624756,5.5840822633880025,5.232110591759375,0.8404574941861578,0.2426534885793611,0.43020961004614955,0.12420837867493913,19.320861935313975,5.578241116766922,26.105651105651106,1172.4137931034484
conf015,0.15,PNOA_area_LiDAR_508000_4179000_512000_4183000_18_01,18,1,508228.0,4179101.0,508000.0,4179000.0,508456.0,4179202.0,9.2112,4.3281,46.98736321000521,2.0511,1.3977,0.6315,0.1891,0.0512,0.0075,372,370,370,2,0.39230864784946234,10.866736455865809,11.238499164581299,2.02459716796875,36.40687561035156,8.924757009527259,8.584233496850201,186.30035465165005,83.87416104032103,20.225416303158116,9.105671469550225,43.044373894237665,19.37897946912526,40.168490533263856,85.4878584136226
conf015,0.15,PNOA_area_LiDAR_508000_4179000_512000_4183000_18_02,18,2,508672.0,4179101.0,508456.0,4179000.0,508888.0,4179202.0,8.7264,3.3365,38.234552621928856,1.7062,1.3234,0.3043,0.0026,0.0,0.0,311,306,306,5,0.4100455852090032,6.330592284015581,4.01176905632019,2.00732421875,14.840967178344727,9.13026060359602,8.69837277724794,60.42070733782929,24.14500899815518,6.92389843897017,2.766892303602308,18.109008643137805,7.236627902938762,35.06600660066007,91.71287277086768
conf015,0.15,PNOA_area_LiDAR_508000_4179000_512000_4183000_18_03,18,3,509104.0,4179101.0,508888.0,4179000.0,509320.0,4179202.0,8.7264,1.2885,14.76553905390539,0.5999,0.5187,0.1692,0.0007,0.0,0.0,216,178,178,38,0.3774086574074074,6.081620140022107,3.459100365638733,2.0038819313049316,14.338793754577637,8.81295528035871,8.653693520444628,34.833385399391446,14.116006442741718,3.991724582805217,1.61762083364752,27.03405929328013,10.955379466621434,20.397873120645396,138.14512999611952
conf015,0.15,PNOA_area_LiDAR_508000_4179000_512000_4183000_18_04,18,4,509536.0,4179101.0,509320.0,4179000.0,509752.0,4179202.0,8.7264,0.3236,3.7082874954162084,0.2827,0.0402,0.0007,0.0,0.0,0.0,263,182,182,81,0.41905785931558936,3.2593927462022383,2.617901563644409,2.0001220703125,9.951397895812988,8.630887598913883,8.392508042605762,11.083976853759628,3.9017364383215303,1.2701660310964005,0.44711867875888456,34.25209163708167,12.057281947841565,20.856252291895856,562.4227441285537
conf015,0.15,PNOA_area_LiDAR_508000_4179000_512000_4183000_18_05,18,5,509968.0,4179101.0,509752.0,4179000.0,510184.0,4179202.0,8.7264,0.7051,8.080078841217455,0.5749,0.1285,0.0017,0.0,0.0,0.0,224,187,187,37,0.47544601339285714,4.371595130247228,3.561084032058716,2.0220947265625,11.580535888671875,8.763728820415807,8.33139866205561,18.48592383473437,6.725336301360379,2.118390611791159,0.7706885200495484,26.217449772705105,9.538131188995006,21.42922625595893,265.210608424337
conf015,0.15,PNOA_area_LiDAR_508000_4179000_512000_4183000_18_06,18,6,510400.0,4179101.0,510184.0,4179000.0,510616.0,4179202.0,8.7264,1.8435,21.125550055005498,1.356,0.4676,0.0199,0.0,0.0,0.0,263,228,228,35,0.4057686463878327,5.960576386828172,5.672027587890625,2.01513671875,11.998693466186523,10.241313537096424,9.800787970878147,46.31342373496565,18.063402520625743,5.307277197351216,2.069971869341967,25.122551524255847,9.798428272647543,26.12761276127613,123.67778681855167
conf015,0.15,PNOA_area_LiDAR_508000_4179000_512000_4183000_18_07,18,7,510832.0,4179101.0,510616.0,4179000.0,511048.0,4179202.0,8.7264,0.5616,6.435643564356436,0.5141,0.047,0.0005,0.0,0.0,0.0,194,167,166,28,0.44598469587628864,3.44311129118868,2.7560667991638184,2.008056640625,10.200769424438477,8.741847933551053,7.351287460721485,12.902846321161224,4.6727648211797455,1.4785990008664769,0.535474516545167,22.97515370577141,8.320450180163364,19.022735606894024,295.5840455840456
conf015,0.15,PNOA_area_LiDAR_508000_4179000_512000_4183000_18_08,18,8,511264.0,4179101.0,511048.0,4179000.0,511480.0,4179202.0,8.7264,0.2422,2.7754858819215253,0.2244,0.013,0.004,0.0008,0.0,0.0,518,241,241,277,0.3930051254826255,2.5515367925414405,2.3089842796325684,2.00146484375,15.643206596374512,6.145213509818414,5.988140187927026,5.528558414938601,1.835204551646901,0.633544006112326,0.2103048853647439,22.826417898177542,7.577227711176305,27.617345067840116,995.0454170107349
conf015,0.15,PNOA_area_LiDAR_508000_4179000_512000_4183000_18_09,18,9,511696.0,4179101.0,511480.0,4179000.0,511912.0,4179202.0,8.7264,0.4521,5.180830583058306,0.3874,0.0584,0.0051,0.0012,0.0,0.0,511,331,331,180,0.447757072407045,2.976621238846793,2.380615234375,2.00048828125,18.804285049438477,6.236122326763412,5.868078748958533,15.287973517995338,5.927312156856346,1.7519221578194144,0.6792391085506447,33.81546896260858,13.110621890856772,37.93087642097543,732.1389073213891
conf015,0.15,PNOA_area_LiDAR_508000_4179000_512000_4183000_18_10,18,10,511956.0,4179101.0,511912.0,4179000.0,512000.0,4179202.0,1.7776,0.5108,28.735373537353738,0.2308,0.2212,0.0567,0.0021,0.0,0.0,184,135,135,49,0.45840420652173913,8.49911715189616,9.128591537475586,2.03143310546875,17.855682373046875,6.243869220398049,5.753985570334929,23.928319263687374,9.311615465373993,13.461025688392986,5.238307530025874,46.84479104089149,18.229474286166784,75.94509450945094,264.29130775254504
conf020,0.2,PNOA_area_LiDAR_508000_4179000_512000_4183000_01_01,1,1,508228.0,4182877.0,508000.0,4182754.0,508456.0,4183000.0,11.2176,0.0,0.0,0.0,0.0,0.0,0.0,0.0,0.0,470,0,0,470,0.45014770638297874,,,,,,,0.0,0.0,0.0,0.0,,,0.0,
conf020,0.2,PNOA_area_LiDAR_508000_4179000_512000_4183000_01_02,1,2,508672.0,4182877.0,508456.0,4182754.0,508888.0,4183000.0,10.6272,0.0,0.0,0.0,0.0,0.0,0.0,0.0,0.0,225,0,0,225,0.4458901333333333,,,,,,,0.0,0.0,0.0,0.0,,,0.0,
conf020,0.2,PNOA_area_LiDAR_508000_4179000_512000_4183000_01_03,1,3,509104.0,4182877.0,508888.0,4182754.0,509320.0,4183000.0,10.6272,2.446,23.01641071966275,1.322,0.8028,0.2737,0.0474,0.0001,0.0,307,200,198,109,0.4378168338762215,9.075031652450562,7.8903398513793945,2.552258253097534,18.273452758789062,9.740800570074034,9.148222276844209,78.09360847172029,33.3154322968344,7.348465115149831,3.134920985474481,31.92706805875727,13.620372974993622,18.631436314363143,80.94848732624693
conf020,0.2,PNOA_area_LiDAR_508000_4179000_512000_4183000_01_04,1,4,509536.0,4182877.0,509320.0,4182754.0,509752.0,4183000.0,10.6272,4.5322,42.647169527250824,2.2391,1.9108,0.3588,0.0235,0.0,0.0,268,266,266,2,0.4137843619402985,9.878655082301089,9.687255859375,2.47271728515625,16.881317138671875,9.877235199123453,9.645583253607464,116.10693236725278,48.9266039023403,10.92544907099262,4.60390355901275,25.618227873274083,10.795332046763228,25.03011141222523,58.69114337407882
conf020,0.2,PNOA_area_LiDAR_508000_4179000_512000_4183000_01_05,1,5,509968.0,4182877.0,509752.0,4182754.0,510184.0,4183000.0,10.6272,5.4506,51.2891448358928,1.9199,2.6799,0.7993,0.0515,0.0,0.0,357,357,356,1,0.40437995798319326,11.012979803299036,11.465850830078125,2.384857177734375,17.358306884765625,8.701545959460269,8.440563908325334,156.54218201969098,66.17233165047267,14.730331791976342,6.226694863225748,28.720174296351043,12.140375674324419,33.49894610057212,65.31391039518586
conf020,0.2,PNOA_area_LiDAR_508000_4179000_512000_4183000_01_06,1,6,510400.0,4182877.0,510184.0,4182754.0,510616.0,4183000.0,10.6272,5.0543,47.56003462812405,2.0551,2.195,0.7519,0.052,0.0003,0.0,393,390,389,4,0.4262612951653944,10.943620163966449,11.495849609375,2.759268283843994,18.38623046875,9.08032708796282,8.661751300771739,171.8985213983259,72.50025972614291,16.175335121040902,6.822141272032418,34.01035185848207,14.344273138939698,36.60418548629931,76.96416912332074
conf020,0.2,PNOA_area_LiDAR_508000_4179000_512000_4183000_01_07,1,7,510832.0,4182877.0,510616.0,4182754.0,511048.0,4183000.0,10.6272,2.1389,20.126656127672387,1.6196,0.5025,0.0167,0.0001,0.0,0.0,287,236,236,51,0.45686131707317074,5.368071807643115,5.27056884765625,2.0098876953125,12.887603759765625,9.086996491263855,8.90589590468303,36.98228475073305,14.166907467710349,3.479965066125889,1.3330799709905101,17.290329024607534,6.623454798125367,22.207166516109606,110.3370891579784
conf020,0.2,PNOA_area_LiDAR_508000_4179000_512000_4183000_01_08,1,8,511264.0,4182877.0,511048.0,4182754.0,511480.0,4183000.0,10.6272,0.4439,4.177017464619091,0.3639,0.0781,0.0019,0.0,0.0,0.0,498,329,329,169,0.49982967269076306,2.5553302975048773,2.3051514625549316,2.0023193359375,10.327545166015625,6.52022141782871,6.197205013614828,9.676967247595309,3.390314371352129,0.9105848433825757,0.3190223550278652,21.799881161512296,7.637563350646833,30.958295694068052,741.1579184501013
conf020,0.2,PNOA_area_LiDAR_508000_4179000_512000_4183000_01_09,1,9,511696.0,4182877.0,511480.0,4182754.0,511912.0,4183000.0,10.6272,0.3466,3.261442336645589,0.3381,0.0085,0.0,0.0,0.0,0.0,680,436,436,244,0.4741365779411765,2.403844770488389,2.31011962890625,2.000244140625,7.4449462890625,5.887666888089543,5.7156142674978305,6.07660569499129,1.6856177378564992,0.5717974344127607,0.15861353299613248,17.532041820517282,4.863294108068376,41.02679915688046,1257.934218118869
conf020,0.2,PNOA_area_LiDAR_508000_4179000_512000_4183000_01_10,1,10,511956.0,4182877.0,511912.0,4182754.0,512000.0,4183000.0,2.1648,0.0879,4.060421286031042,0.0879,0.0,0.0,0.0,0.0,0.0,308,157,157,151,0.6146963993506493,2.4201661690025573,2.3788390159606934,2.0006103515625,3.43353271484375,5.4277859765676455,5.408261313370515,1.8105909361233115,0.4776294271728615,0.8363779268862304,0.22063443605546076,20.598304165225386,5.4337818790996755,72.5240206947524,1786.1205915813423
conf020,0.2,PNOA_area_LiDAR_508000_4179000_512000_4183000_02_01,2,1,508228.0,4182643.0,508000.0,4182532.0,508456.0,4182754.0,10.1232,0.0,0.0,0.0,0.0,0.0,0.0,0.0,0.0,351,0,0,351,0.4674848717948718,,,,,,,0.0,0.0,0.0,0.0,,,0.0,
conf020,0.2,PNOA_area_LiDAR_508000_4179000_512000_4183000_02_02,2,2,508672.0,4182643.0,508456.0,4182532.0,508888.0,4182754.0,9.5904,0.0,0.0,0.0,0.0,0.0,0.0,0.0,0.0,136,0,0,136,0.4235460661764706,,,,,,,0.0,0.0,0.0,0.0,,,0.0,
conf020,0.2,PNOA_area_LiDAR_508000_4179000_512000_4183000_02_03,2,3,509104.0,4182643.0,508888.0,4182532.0,509320.0,4182754.0,9.5904,2.8482,29.698448448448445,1.2237,1.1213,0.4422,0.0602,0.0008,0.0,291,185,185,106,0.4348613917525773,12.356429386138917,12.973007202148438,3.237579345703125,19.101184844970703,9.605999676791324,9.395160286876907,111.54717745501938,48.69682431500975,11.631128780344863,5.077663529676525,39.164095728888206,17.09740338284171,19.290123456790123,64.9533038410224
conf020,0.2,PNOA_area_LiDAR_508000_4179000_512000_4183000_02_04,2,4,509536.0,4182643.0,509320.0,4182532.0,509752.0,4182754.0,9.5904,1.4237,14.845053386720053,0.6864,0.6191,0.112,0.0062,0.0,0.0,82,80,80,2,0.40644401219512194,9.750492167472839,9.241711616516113,2.6913514137268066,16.04775619506836,10.038215231779944,9.780368780222481,35.17216584373122,14.80391445218085,3.6674347100987674,1.543618040142314,24.70475931989269,10.398197971609784,8.341675008341674,56.1916134016998
conf020,0.2,PNOA_area_LiDAR_508000_4179000_512000_4183000_02_05,2,5,509968.0,4182643.0,509752.0,4182532.0,510184.0,4182754.0,9.5904,2.2429,23.386928595261928,1.3007,0.7981,0.1384,0.0056,0.0001,0.0,233,227,227,6,0.44600419313304723,7.383733295659137,7.500360012054443,2.0102295875549316,16.085824966430664,9.034954278076803,8.46962629795756,65.22184109228063,27.129055214986902,6.800742522968867,2.8287720235847202,29.07924610650525,12.095525977523252,23.6695028361695,101.2082571670605
conf020,0.2,PNOA_area_LiDAR_508000_4179000_512000_4183000_02_06,2,6,510400.0,4182643.0,510184.0,4182532.0,510616.0,4182754.0,9.5904,2.6509,27.641182849516184,1.4408,0.9549,0.2388,0.0164,0.0,0.0,160,160,160,0,0.4555318,8.439378799498082,8.12982177734375,2.2822265625,16.739818572998047,9.754446000789578,9.312652200276961,56.89228929290913,23.82817271598523,5.932212347025059,2.484585910492287,21.461499601233218,8.988710519440653,16.68335001668335,60.356859934361914
conf020,0.2,PNOA_area_LiDAR_508000_4179000_512000_4183000_02_07,2,7,510832.0,4182643.0,510616.0,4182532.0,511048.0,4182754.0,9.5904,1.0565,11.016224557891224,0.6863,0.368,0.0022,0.0,0.0,0.0,170,124,123,47,0.4567786294117647,5.233273135077569,5.549325466156006,2.0848631858825684,10.21923828125,9.865014806644558,8.982112647085446,24.711405806095232,9.921807651176215,2.5766814529211746,1.034556186517373,23.389877715187158,9.39120459174275,12.825325325325325,116.42214860388074
conf020,0.2,PNOA_area_LiDAR_508000_4179000_512000_4183000_02_08,2,8,511264.0,4182643.0,511048.0,4182532.0,511480.0,4182754.0,9.5904,1.5871,16.54884050717384,1.2286,0.3427,0.0156,0.0002,0.0,0.0,212,191,191,21,0.4386016226415094,4.469932136735367,3.434612989425659,2.004150390625,12.005663871765137,9.054965325795308,8.868864914229748,23.676433392904688,9.018963618692819,2.468763909003241,0.9404157927399085,14.91804762957891,5.682668778711372,19.915749082415747,120.34528385104909
conf020,0.2,PNOA_area_LiDAR_508000_4179000_512000_4183000_02_09,2,9,511696.0,4182643.0,511480.0,4182532.0,511912.0,4182754.0,9.5904,0.4551,4.74537037037037,0.4196,0.0355,0.0,0.0,0.0,0.0,346,167,167,179,0.4475672543352601,3.006367356477383,2.4323487281799316,2.0006103515625,8.260717391967773,6.547608274141941,5.823415547865766,6.3662342983734606,2.1449898088723494,0.6638132192998686,0.22366009852272578,13.988649304270403,4.71322744203988,17.413246579913245,366.95231817183037
conf020,0.2,PNOA_area_LiDAR_508000_4179000_512000_4183000_02_10,2,10,511956.0,4182643.0,511912.0,4182532.0,512000.0,4182754.0,1.9536,0.0856,4.381654381654381,0.0779,0.0077,0.0,0.0,0.0,0.0,212,131,131,81,0.6235554150943396,2.5042016833793115,2.343963623046875,2.0140380859375,9.496594429016113,5.915918472031289,5.916642586084368,2.2105818628731218,0.6520424528659733,1.1315427226009018,0.3337645643253344,25.824554472816843,7.617318374602492,67.05569205569205,1530.373831775701
conf020,0.2,PNOA_area_LiDAR_508000_4179000_512000_4183000_03_01,3,1,508228.0,4182421.0,508000.0,4182310.0,508456.0,4182532.0,10.1232,0.0,0.0,0.0,0.0,0.0,0.0,0.0,0.0,236,0,0,236,0.478395656779661,,,,,,,0.0,0.0,0.0,0.0,,,0.0,
conf020,0.2,PNOA_area_LiDAR_508000_4179000_512000_4183000_03_02,3,2,508672.0,4182421.0,508456.0,4182310.0,508888.0,4182532.0,9.5904,0.0,0.0,0.0,0.0,0.0,0.0,0.0,0.0,140,0,0,140,0.4592515642857143,,,,,,,0.0,0.0,0.0,0.0,,,0.0,
conf020,0.2,PNOA_area_LiDAR_508000_4179000_512000_4183000_03_03,3,3,509104.0,4182421.0,508888.0,4182310.0,509320.0,4182532.0,9.5904,1.6495,17.19949115782449,0.7149,0.7289,0.1919,0.0136,0.0002,0.0,162,104,104,58,0.40460144444444446,11.370128221236742,11.100967407226562,3.340191602706909,18.928924560546875,9.686549654013008,9.018546832054398,54.82233774335709,23.528418167556563,5.7163765581578545,2.453330222676485,33.23573067193519,14.263969789364392,10.844177510844176,63.04940891179145
conf020,0.2,PNOA_area_LiDAR_508000_4179000_512000_4183000_03_04,3,4,509536.0,4182421.0,509320.0,4182310.0,509752.0,4182532.0,9.5904,3.801,39.63338338338338,1.8351,1.7009,0.2569,0.0081,0.0,0.0,240,239,239,1,0.3948698958333333,9.248081787859546,9.47857666015625,2.8333740234375,16.13223648071289,9.216031879001017,8.922196161987118,83.59200896817563,34.486029859286724,8.716217151336297,3.59589066767671,21.992109699598956,9.072883414703163,24.920754087420754,62.87818995001315
conf020,0.2,PNOA_area_LiDAR_508000_4179000_512000_4183000_03_05,3,5,509968.0,4182421.0,509752.0,4182310.0,510184.0,4182532.0,9.5904,4.6496,48.481815148481815,2.2921,1.9414,0.3996,0.0165,0.0,0.0,332,330,330,2,0.42070212048192773,10.02490496563189,10.345144271850586,2.015869140625,18.170360565185547,9.004722329306993,8.710582516111103,124.36318145939549,51.39115986406617,12.967465534221251,5.358604423597156,26.747071029635986,11.052813115981195,34.409409409409406,70.97384721266344
conf020,0.2,PNOA_area_LiDAR_508000_4179000_512000_4183000_03_06,3,6,510400.0,4182421.0,510184.0,4182310.0,510616.0,4182532.0,9.5904,1.244,12.971304637971304,0.89,0.3135,0.0371,0.0034,0.0,0.0,118,113,113,5,0.47069449152542375,7.399647221101069,6.6285400390625,2.3509521484375,17.50244140625,10.534684780089497,10.302586956490634,36.577557952311714,15.134773883360163,3.8139762629620986,1.5781170632465968,29.403181633691087,12.166216948038716,11.782615949282615,90.83601286173634
conf020,0.2,PNOA_area_LiDAR_508000_4179000_512000_4183000_03_07,3,7,510832.0,4182421.0,510616.0,4182310.0,511048.0,4182532.0,9.5904,2.8115,29.315774107440774,1.5967,0.9688,0.2395,0.0065,0.0,0.0,207,206,206,1,0.43999334782608696,8.421358100418905,8.590051174163818,2.1968016624450684,16.493383407592773,9.644579506937744,9.508837535124968,67.36250025333513,27.75330248898329,7.023951060783192,2.893862872141234,23.959630180805664,9.871350698553544,21.479813146479813,73.27049617641828
conf020,0.2,PNOA_area_LiDAR_508000_4179000_512000_4183000_03_08,3,8,511264.0,4182421.0,511048.0,4182310.0,511480.0,4182532.0,9.5904,2.3472,24.474474474474473,1.0931,1.0232,0.2247,0.0062,0.0,0.0,233,200,200,33,0.41311376824034335,8.203987362384796,8.015844821929932,2.05126953125,16.0360107421875,9.314407082331583,9.206202178893491,59.907072861143,24.582926250838927,6.2465666563587545,2.5632847692316196,25.522781552975033,10.473298504958644,20.854187520854186,85.20790729379686
conf020,0.2,PNOA_area_LiDAR_508000_4179000_512000_4183000_03_09,3,9,511696.0,4182421.0,511480.0,4182310.0,511912.0,4182532.0,9.5904,1.0532,10.981815148481813,0.949,0.1036,0.0006,0.0,0.0,0.0,431,347,346,85,0.5022491160092808,3.0230465855996957,2.57574462890625,2.0008544921875,9.271240234375,7.158268778183825,6.462927910774573,14.331478384941303,4.871596257837156,1.494356688453172,0.5079659094341379,13.607556385246205,4.625518664866271,36.077744411077745,328.5225977971895
conf020,0.2,PNOA_area_LiDAR_508000_4179000_512000_4183000_03_10,3,10,511956.0,4182421.0,511912.0,4182310.0,512000.0,4182532.0,1.9536,0.1019,5.216011466011467,0.1002,0.0017,0.0,0.0,0.0,0.0,241,158,158,83,0.6233006514522822,2.410940672777876,2.3742828369140625,2.00732421875,4.5577392578125,6.028311832852704,6.146066807681901,2.205535945108768,0.5982407233877355,1.1289598408623915,0.3062247765088736,21.64412114925189,5.870860877210358,80.87633087633088,1550.53974484789
conf020,0.2,PNOA_area_LiDAR_508000_4179000_512000_4183000_04_01,4,1,508228.0,4182199.0,508000.0,4182088.0,508456.0,4182310.0,10.1232,0.0,0.0,0.0,0.0,0.0,0.0,0.0,0.0,124,0,0,124,0.44454187096774195,,,,,,,0.0,0.0,0.0,0.0,,,0.0,
conf020,0.2,PNOA_area_LiDAR_508000_4179000_512000_4183000_04_02,4,2,508672.0,4182199.0,508456.0,4182088.0,508888.0,4182310.0,9.5904,0.0,0.0,0.0,0.0,0.0,0.0,0.0,0.0,173,0,0,173,0.45840912138728324,,,,,,,0.0,0.0,0.0,0.0,,,0.0,
conf020,0.2,PNOA_area_LiDAR_508000_4179000_512000_4183000_04_03,4,3,509104.0,4182199.0,508888.0,4182088.0,509320.0,4182310.0,9.5904,4.9632,51.75175175175174,1.8533,2.6618,0.4464,0.0017,0.0,0.0,300,283,283,17,0.3883472766666667,9.785159715915317,9.980639457702637,4.298480033874512,14.4136962890625,8.703551912926489,8.348752035933426,96.5386596738407,39.34528519775836,10.066176559250989,4.102569777877706,19.450890488765456,7.927402723597349,29.508675342008672,57.01966473243069
conf020,0.2,PNOA_area_LiDAR_508000_4179000_512000_4183000_04_04,4,4,509536.0,4182199.0,509320.0,4182088.0,509752.0,4182310.0,9.5904,4.6778,48.775859192525864,2.581,1.958,0.1358,0.003,0.0,0.0,177,177,177,0,0.4060003502824859,8.366640301074012,8.459365844726562,2.465679883956909,17.047588348388672,9.540721754377406,9.187221015397604,55.50084805740767,22.60045431408252,5.787125464778077,2.356570561611874,11.86473300641491,4.831428088862824,18.455955955955954,37.83830005558168
conf020,0.2,PNOA_area_LiDAR_508000_4179000_512000_4183000_04_05,4,5,509968.0,4182199.0,509752.0,4182088.0,510184.0,4182310.0,9.5904,6.063,63.21946946946946,3.7594,2.1056,0.1776,0.0182,0.0022,0.0,269,269,269,0,0.4106360408921933,7.872360759508211,7.702093601226807,3.226654052734375,21.63117027282715,9.432091936594535,9.12522029811796,74.98639765352019,30.22684832955965,7.818901990899251,3.1517818161452755,12.367870304060727,4.9854607173939725,28.04888221554888,44.36747484743527
conf020,0.2,PNOA_area_LiDAR_508000_4179000_512000_4183000_04_06,4,6,510400.0,4182199.0,510184.0,4182088.0,510616.0,4182310.0,9.5904,3.2102,33.473056389723055,1.7863,1.1476,0.2442,0.0319,0.0002,0.0,201,197,197,4,0.443248552238806,8.44192842299563,7.6939697265625,2.061511278152466,19.368091583251953,9.874570967206214,9.620596340131142,73.87754691257071,31.458244111193583,7.703281084477259,3.2801806088581893,23.013378266952436,9.79946548850339,20.541374708041374,61.36689302847175
conf020,0.2,PNOA_area_LiDAR_508000_4179000_512000_4183000_04_07,4,7,510832.0,4182199.0,510616.0,4182088.0,511048.0,4182310.0,9.5904,4.703,49.03862195528862,2.0159,1.6121,0.9761,0.0989,0.0,0.0,335,335,335,0,0.42029128358208956,10.361659108346968,11.171014785766602,2.136547803878784,18.6202449798584,9.024939001306976,8.895132603184459,139.2981761719399,59.0433243429643,14.524751436013085,6.156502788513961,29.619004076534104,12.554395990424046,34.93076409743076,71.23112906655327
conf020,0.2,PNOA_area_LiDAR_508000_4179000_512000_4183000_04_08,4,8,511264.0,4182199.0,511048.0,4182088.0,511480.0,4182310.0,9.5904,1.3405,13.977519185852518,0.5778,0.6783,0.0836,0.0008,0.0,0.0,250,130,130,120,0.380698768,7.187595167526832,7.901242017745972,2.01513671875,15.514660835266113,8.82225961186396,8.64200301377901,28.171446871040377,11.094608050655607,2.9374631789122847,1.1568451837937528,21.015626162656005,8.276470011678931,13.55522188855522,96.9787392763894
conf020,0.2,PNOA_area_LiDAR_508000_4179000_512000_4183000_04_09,4,9,511696.0,4182199.0,511480.0,4182088.0,511912.0,4182310.0,9.5904,0.4224,4.404404404404405,0.3632,0.0535,0.0057,0.0,0.0,0.0,430,185,185,245,0.4550159209302326,2.9978657516273293,2.496899366378784,2.0009765625,13.626001358032227,7.589149515200551,6.813182526579345,8.737139169447605,3.110485178928112,0.9110296931773028,0.32433320601102267,20.68451507918467,7.36383801829572,19.290123456790123,437.9734848484849
conf020,0.2,PNOA_area_LiDAR_508000_4179000_512000_4183000_04_10,4,10,511956.0,4182199.0,511912.0,4182088.0,512000.0,4182310.0,1.9536,0.0634,3.245290745290745,0.0634,0.0,0.0,0.0,0.0,0.0,223,100,100,123,0.5672679955156951,2.397408134937286,2.382232666015625,2.0118408203125,3.1590819358825684,5.580275097370122,5.423708564227853,1.2264451895958492,0.3276846837473092,0.6277872592116346,0.16773376522691913,19.34456135009226,5.1685281348156025,51.187551187551186,1577.2870662460568
conf020,0.2,PNOA_area_LiDAR_508000_4179000_512000_4183000_05_01,5,1,508228.0,4181977.0,508000.0,4181866.0,508456.0,4182088.0,10.1232,0.0,0.0,0.0,0.0,0.0,0.0,0.0,0.0,237,0,0,237,0.46409857383966246,,,,,,,0.0,0.0,0.0,0.0,,,0.0,
conf020,0.2,PNOA_area_LiDAR_508000_4179000_512000_4183000_05_02,5,2,508672.0,4181977.0,508456.0,4181866.0,508888.0,4182088.0,9.5904,0.0,0.0,0.0,0.0,0.0,0.0,0.0,0.0,164,0,0,164,0.4117438963414634,,,,,,,0.0,0.0,0.0,0.0,,,0.0,
conf020,0.2,PNOA_area_LiDAR_508000_4179000_512000_4183000_05_03,5,3,509104.0,4181977.0,508888.0,4181866.0,509320.0,4182088.0,9.5904,5.1657,53.86323823823823,2.1417,2.4799,0.5299,0.0142,0.0,0.0,433,288,288,145,0.4087459815242494,10.45712730122937,10.476837158203125,3.46002197265625,17.427692413330078,8.9236870600067,8.718522099144565,116.02699663329331,48.411433424701315,12.09824372636108,5.047905553960347,22.461040446269298,9.371708272780323,30.030030030030026,55.75236657181021
conf020,0.2,PNOA_area_LiDAR_508000_4179000_512000_4183000_05_04,5,4,509536.0,4181977.0,509320.0,4181866.0,509752.0,4182088.0,9.5904,2.3481,24.48385885885886,1.2148,0.9084,0.2199,0.005,0.0,0.0,113,109,108,5,0.4158167256637168,9.659012803243934,9.929443359375,3.263684034347534,15.160415649414062,9.444849200965253,9.011637897278762,41.97956166794005,17.500103760009075,4.37724825533242,1.8247522272281733,17.878097895294086,7.452878395302191,11.26126126126126,45.994633959371406
conf020,0.2,PNOA_area_LiDAR_508000_4179000_512000_4183000_05_05,5,5,509968.0,4181977.0,509752.0,4181866.0,510184.0,4182088.0,9.5904,4.7246,49.26384718051384,2.5644,1.9451,0.2102,0.0049,0.0,0.0,274,274,273,1,0.41766146350364963,8.658007522569086,8.662281513214111,2.399523973464966,14.990158081054688,9.53152781398825,9.290491583361277,89.34900950137984,36.49802143091674,9.316504994721788,3.8056829153024623,18.91144424954067,7.725102957058108,28.465965965965964,57.7826694323329
conf020,0.2,PNOA_area_LiDAR_508000_4179000_512000_4183000_05_06,5,6,510400.0,4181977.0,510184.0,4181866.0,510616.0,4182088.0,9.5904,3.7202,38.790874207540874,1.9145,1.5082,0.2894,0.0081,0.0,0.0,333,324,324,9,0.411359012012012,8.754915090254796,9.088736057281494,2.07958984375,17.525976181030273,9.139815151231224,9.10182693787898,103.42447805402192,42.33593208314206,10.784167297925208,4.414407332659958,27.80078438095315,11.380015075302957,33.78378378378378,87.09209182302027
conf020,0.2,PNOA_area_LiDAR_508000_4179000_512000_4183000_05_07,5,7,510832.0,4181977.0,510616.0,4181866.0,511048.0,4182088.0,9.5904,3.6528,38.088088088088085,1.7913,1.4341,0.4173,0.0101,0.0,0.0,305,284,284,21,0.43600808196721313,8.668364756543872,9.339041233062744,2.0623779296875,16.455652236938477,9.279802040733617,9.079740597621697,95.98175116262084,39.84090394809037,10.008107186626296,4.154248409669083,26.276213086569438,10.90694917545181,29.612946279612945,77.74857643451598
conf020,0.2,PNOA_area_LiDAR_508000_4179000_512000_4183000_05_08,5,8,511264.0,4181977.0,511048.0,4181866.0,511480.0,4182088.0,9.5904,0.7695,8.023648648648647,0.6145,0.1519,0.0031,0.0,0.0,0.0,256,153,153,103,0.39722070703125,4.420838472889919,3.221850633621216,2.045654296875,10.638964653015137,9.170887722501591,9.05564803947122,15.399948077689855,5.587864184531965,1.6057670251178109,0.5826518377264728,20.01292797620514,7.26168185124362,15.953453453453452,198.83040935672517
conf020,0.2,PNOA_area_LiDAR_508000_4179000_512000_4183000_05_09,5,9,511696.0,4181977.0,511480.0,4181866.0,511912.0,4182088.0,9.5904,0.5505,5.740115115115114,0.5103,0.0402,0.0,0.0,0.0,0.0,407,253,252,155,0.4603702555282555,2.81416434638585,2.4615478515625,2.0118408203125,7.59112548828125,7.362843639841678,6.78898092596651,8.791735131485899,2.859112420432782,0.9167224653284428,0.29812233279454264,15.970454371454856,5.193664705599968,26.276276276276274,457.7656675749319
conf020,0.2,PNOA_area_LiDAR_508000_4179000_512000_4183000_05_10,5,10,511956.0,4181977.0,511912.0,4181866.0,512000.0,4182088.0,1.9536,0.0921,4.714373464373464,0.0921,0.0,0.0,0.0,0.0,0.0,287,169,169,118,0.5987801358885018,2.380639434566159,2.3208861351013184,2.0016541481018066,3.091076612472534,5.947451018619892,5.937171479275734,2.2245289040586695,0.5960023113383605,1.138681871446903,0.30507898819531143,24.15340829596818,6.4712520232178115,86.5069615069615,1834.9619978284472
conf020,0.2,PNOA_area_LiDAR_508000_4179000_512000_4183000_06_01,6,1,508228.0,4181755.0,508000.0,4181644.0,508456.0,4181866.0,10.1232,0.0,0.0,0.0,0.0,0.0,0.0,0.0,0.0,403,0,0,403,0.44779263275434245,,,,,,,0.0,0.0,0.0,0.0,,,0.0,
conf020,0.2,PNOA_area_LiDAR_508000_4179000_512000_4183000_06_02,6,2,508672.0,4181755.0,508456.0,4181644.0,508888.0,4181866.0,9.5904,0.0,0.0,0.0,0.0,0.0,0.0,0.0,0.0,71,0,0,71,0.45523298591549294,,,,,,,0.0,0.0,0.0,0.0,,,0.0,
conf020,0.2,PNOA_area_LiDAR_508000_4179000_512000_4183000_06_03,6,3,509104.0,4181755.0,508888.0,4181644.0,509320.0,4181866.0,9.5904,1.0337,10.778486820153486,0.4349,0.5501,0.0484,0.0003,0.0,0.0,68,42,42,26,0.3735656617647059,9.551391453970046,9.230975151062012,4.916052341461182,13.877667427062988,10.702839160482121,10.663000519717327,20.472895209148827,8.744470916987797,2.1347279789319344,0.9117941813675964,19.805451493807514,8.459389491136497,4.379379379379379,40.63074392957338
conf020,0.2,PNOA_area_LiDAR_508000_4179000_512000_4183000_06_04,6,4,509536.0,4181755.0,509320.0,4181644.0,509752.0,4181866.0,9.5904,3.7989,39.611486486486484,2.5108,1.1148,0.1611,0.0122,0.0,0.0,227,224,223,4,0.4268937885462555,8.554248889642102,8.234323501586914,2.64019775390625,16.47225570678711,9.563844852706733,9.24439620260813,75.12161160606414,31.223944686947366,7.833000876508188,3.2557499882118957,19.77456937694178,8.21920679326841,23.25241908575242,58.70120297980994
conf020,0.2,PNOA_area_LiDAR_508000_4179000_512000_4183000_06_05,6,5,509968.0,4181755.0,509752.0,4181644.0,510184.0,4181866.0,9.5904,5.6535,58.94957457457457,3.4553,1.8587,0.3166,0.0228,0.0001,0.0,323,321,320,3,0.4030149164086687,9.099904718428757,9.248870849609375,2.301953077316284,17.603221893310547,9.138596933962916,8.86750775945595,108.7570649097,44.95315643281539,11.340201129222972,4.687307769521124,19.237121236349164,7.951385236192693,33.3667000333667,56.60210489077562
conf020,0.2,PNOA_area_LiDAR_508000_4179000_512000_4183000_06_06,6,6,510400.0,4181755.0,510184.0,4181644.0,510616.0,4181866.0,9.5904,5.2536,54.77977977977977,1.9631,2.2894,0.8879,0.1119,0.0013,0.0,458,455,455,3,0.41875658951965067,11.987316944310953,12.51220703125,2.288409471511841,18.630712509155273,8.700545973273195,8.506976812607865,225.1368881035309,96.28809107747934,23.475234411863,10.040049536774204,42.85383129730678,18.328020990840443,47.443276609943275,86.6072788183341
conf020,0.2,PNOA_area_LiDAR_508000_4179000_512000_4183000_06_07,6,7,510832.0,4181755.0,510616.0,4181644.0,511048.0,4181866.0,9.5904,4.361,45.47255588922255,1.5581,2.0722,0.7043,0.0264,0.0,0.0,408,396,396,12,0.41973229166666665,10.518514845106337,11.27095651626587,2.0035400390625,17.046361923217773,8.894434979741355,8.50546890796595,163.79136052094194,68.86613947539558,17.07867873299778,7.180736932285992,37.55821153885392,15.791364245676585,41.29129129129129,90.80486127035084
conf020,0.2,PNOA_area_LiDAR_508000_4179000_512000_4183000_06_08,6,8,511264.0,4181755.0,511048.0,4181644.0,511480.0,4181866.0,9.5904,0.8005,8.346888555221888,0.5781,0.2141,0.0083,0.0,0.0,0.0,263,172,172,91,0.3982617452471483,5.07242858825728,3.843310594558716,2.019775390625,10.987060546875,9.677283521677436,9.383340480882405,26.086485690283997,10.031466248789178,2.720062321726309,1.045990391306846,32.587739775495315,12.531500623097036,17.9346012679346,214.86570893191757
conf020,0.2,PNOA_area_LiDAR_508000_4179000_512000_4183000_06_09,6,9,511696.0,4181755.0,511480.0,4181644.0,511912.0,4181866.0,9.5904,0.127,1.324240907574241,0.1256,0.0014,0.0,0.0,0.0,0.0,257,67,67,190,0.4322684824902724,2.968859135214962,2.69622802734375,2.0032958984375,5.113549709320068,7.886581773899924,7.809608686865479,2.4967528368846743,0.7862401877104096,0.2603387592680883,0.08198200155472238,19.659471156572238,6.190867619767005,6.986152819486152,527.5590551181102
conf020,0.2,PNOA_area_LiDAR_508000_4179000_512000_4183000_06_10,6,10,511956.0,4181755.0,511912.0,4181644.0,512000.0,4181866.0,1.9536,0.0387,1.980958230958231,0.0309,0.0078,0.0,0.0,0.0,0.0,267,72,72,195,0.501639277153558,2.3753976656330957,2.2481231689453125,2.000244140625,7.49615478515625,5.596233663221813,5.643319275098647,1.0648505764878453,0.3155071927772469,0.5450709339106498,0.16150040580325908,27.515518772295746,8.152640640238939,36.85503685503686,1860.46511627907
conf020,0.2,PNOA_area_LiDAR_508000_4179000_512000_4183000_07_01,7,1,508228.0,4181533.0,508000.0,4181422.0,508456.0,4181644.0,10.1232,0.0,0.0,0.0,0.0,0.0,0.0,0.0,0.0,528,0,0,528,0.443959,,,,,,,0.0,0.0,0.0,0.0,,,0.0,
conf020,0.2,PNOA_area_LiDAR_508000_4179000_512000_4183000_07_02,7,2,508672.0,4181533.0,508456.0,4181422.0,508888.0,4181644.0,9.5904,0.0,0.0,0.0,0.0,0.0,0.0,0.0,0.0,170,0,0,170,0.48268186470588237,,,,,,,0.0,0.0,0.0,0.0,,,0.0,
conf020,0.2,PNOA_area_LiDAR_508000_4179000_512000_4183000_07_03,7,3,509104.0,4181533.0,508888.0,4181422.0,509320.0,4181644.0,9.5904,0.0,0.0,0.0,0.0,0.0,0.0,0.0,0.0,0,0,0,0,,,,,,,,0.0,0.0,0.0,0.0,,,0.0,
conf020,0.2,PNOA_area_LiDAR_508000_4179000_512000_4183000_07_04,7,4,509536.0,4181533.0,509320.0,4181422.0,509752.0,4181644.0,9.5904,3.7154,38.74082415749082,1.4581,1.6002,0.5644,0.0856,0.0071,0.0,272,270,270,2,0.4203267352941176,12.515126576247038,12.280967712402344,4.2557373046875,22.75653076171875,8.779143083841848,8.50022922477342,146.74092738808838,63.58029896458949,15.300814083676215,6.629577386197602,39.49532416108316,17.11263900645677,28.153153153153152,72.6705065403456
conf020,0.2,PNOA_area_LiDAR_508000_4179000_512000_4183000_07_05,7,5,509968.0,4181533.0,509752.0,4181422.0,510184.0,4181644.0,9.5904,6.3848,66.5749082415749,2.2048,2.7657,1.187,0.2167,0.0106,0.0,539,537,537,2,0.41663066975881263,13.107472284768102,13.346410751342773,2.444580078125,22.005151748657227,8.630346205552163,8.30480463001995,303.9459275167001,132.05447368804133,31.692726843166092,13.769443786290594,47.60461212828908,20.682632766577076,55.99349349349349,84.10600175416614
conf020,0.2,PNOA_area_LiDAR_508000_4179000_512000_4183000_07_06,7,6,510400.0,4181533.0,510184.0,4181422.0,510616.0,4181644.0,9.5904,7.0333,73.33687854521187,2.1256,3.3685,1.3764,0.16,0.0028,0.0,616,616,616,0,0.42978077922077923,12.838727087169499,12.843496799468994,2.261798143386841,19.735363006591797,8.434815729415734,8.228080490614559,322.1565227566793,138.00182042363429,33.591562683170594,14.389579206668571,45.80446202446637,19.621204900066015,64.23089756423089,87.58335347560889
conf020,0.2,PNOA_area_LiDAR_508000_4179000_512000_4183000_07_07,7,7,510832.0,4181533.0,510616.0,4181422.0,511048.0,4181644.0,9.5904,4.1743,43.52581748415081,1.67,1.9168,0.5557,0.0318,0.0,0.0,431,420,420,11,0.41556431554524365,9.946078185240427,10.864425659179688,2.0447998046875,17.87237548828125,8.844447666599144,8.614623827540386,155.35690410967067,64.63096283340857,16.199210054812173,6.739131092906299,37.217474572903406,15.483066102917514,43.79379379379379,100.61567208873345
conf020,0.2,PNOA_area_LiDAR_508000_4179000_512000_4183000_07_08,7,8,511264.0,4181533.0,511048.0,4181422.0,511480.0,4181644.0,9.5904,1.2572,13.108942275608943,1.1713,0.085,0.0009,0.0,0.0,0.0,260,188,188,72,0.4054474846153846,4.038425970584788,3.541357398033142,2.0047607421875,9.450872421264648,9.395788426801413,9.28892080994535,16.437356680346863,5.809310497570119,1.7139385927955937,0.60574225241597,13.074575787740105,4.6208324034124395,19.602936269602935,149.53865733375756
conf020,0.2,PNOA_area_LiDAR_508000_4179000_512000_4183000_07_09,7,9,511696.0,4181533.0,511480.0,4181422.0,511912.0,4181644.0,9.5904,0.1946,2.0291124457791123,0.1874,0.0072,0.0,0.0,0.0,0.0,148,76,76,72,0.3961195608108108,3.262952876718421,3.0953001976013184,2.029541015625,6.821612358093262,8.82630902558165,8.3262784443518,4.003699755303371,1.3276695948125823,0.4174695273714726,0.13843735347979044,20.573996687067684,6.822557013425397,7.9245912579245905,390.5447070914697
conf020,0.2,PNOA_area_LiDAR_508000_4179000_512000_4183000_07_10,7,10,511956.0,4181533.0,511912.0,4181422.0,512000.0,4181644.0,1.9536,0.1362,6.97174447174447,0.1223,0.0139,0.0,0.0,0.0,0.0,196,105,105,91,0.5825650714285714,2.780549149286179,2.579437255859375,2.0018310546875,7.123999118804932,6.118575549464737,5.951839606825423,2.7157934990458137,0.8776322523121786,1.3901481874722634,0.44923845839075477,19.93974668902947,6.4437022930409595,53.746928746928745,770.9251101321587
conf020,0.2,PNOA_area_LiDAR_508000_4179000_512000_4183000_08_01,8,1,508228.0,4181311.0,508000.0,4181200.0,508456.0,4181422.0,10.1232,0.0,0.0,0.0,0.0,0.0,0.0,0.0,0.0,573,0,0,573,0.4560400802792321,,,,,,,0.0,0.0,0.0,0.0,,,0.0,
conf020,0.2,PNOA_area_LiDAR_508000_4179000_512000_4183000_08_02,8,2,508672.0,4181311.0,508456.0,4181200.0,508888.0,4181422.0,9.5904,0.0,0.0,0.0,0.0,0.0,0.0,0.0,0.0,118,0,0,118,0.45831560169491525,,,,,,,0.0,0.0,0.0,0.0,,,0.0,
conf020,0.2,PNOA_area_LiDAR_508000_4179000_512000_4183000_08_03,8,3,509104.0,4181311.0,508888.0,4181200.0,509320.0,4181422.0,9.5904,0.0,0.0,0.0,0.0,0.0,0.0,0.0,0.0,1,0,0,1,0.203857,,,,,,,0.0,0.0,0.0,0.0,,,0.0,
conf020,0.2,PNOA_area_LiDAR_508000_4179000_512000_4183000_08_04,8,4,509536.0,4181311.0,509320.0,4181200.0,509752.0,4181422.0,9.5904,3.7586,39.191274607941274,2.0035,1.1145,0.4827,0.1418,0.0161,0.0,252,252,251,1,0.42628351984126983,12.48881088930463,13.073190212249756,2.847576856613159,22.23974609375,9.251470534702765,9.108560764421838,154.18766219384327,68.4340190536759,16.077292103962634,7.135679330755328,41.02263135046115,18.207316302260388,26.172005338672005,66.7801841111052
conf020,0.2,PNOA_area_LiDAR_508000_4179000_512000_4183000_08_05,8,5,509968.0,4181311.0,509752.0,4181200.0,510184.0,4181422.0,9.5904,7.424,77.41074407741074,2.4072,3.7881,1.108,0.116,0.0047,0.0,543,543,543,0,0.41748264640883975,11.897159687941466,11.659497261047363,3.216278076171875,21.908239364624023,8.422226993052677,8.154729574020433,247.25492883894717,104.41871031367522,25.78150325731431,10.88783682783567,33.304812613004735,14.06502024699289,56.61911911911911,73.14116379310344
conf020,0.2,PNOA_area_LiDAR_508000_4179000_512000_4183000_08_06,8,6,510400.0,4181311.0,510184.0,4181200.0,510616.0,4181422.0,9.5904,7.3267,76.39618785452117,1.921,4.0834,1.2754,0.0469,0.0,0.0,633,632,632,1,0.42036075513428117,11.904256921025771,11.947357177734375,4.612902641296387,18.4122314453125,8.28754901363001,8.065110889299163,277.479380933173,116.11555728073338,28.933035215754607,12.107478028104497,37.87235466624442,15.84827511440804,65.89923256589923,86.25984413173735
conf020,0.2,PNOA_area_LiDAR_508000_4179000_512000_4183000_08_07,8,7,510832.0,4181311.0,510616.0,4181200.0,511048.0,4181422.0,9.5904,4.9376,51.48481815148481,2.0452,2.4309,0.4499,0.0116,0.0,0.0,420,413,413,7,0.40832158095238097,9.644594689547006,10.033575057983398,2.1884522438049316,16.052906036376953,8.5595023875602,8.380982792046673,136.866705976027,55.856770670566455,14.271219758928405,5.824237849366705,27.719277781923807,11.312534565490614,43.063897230563896,83.64387556707713
conf020,0.2,PNOA_area_LiDAR_508000_4179000_512000_4183000_08_08,8,8,511264.0,4181311.0,511048.0,4181200.0,511480.0,4181422.0,9.5904,0.2883,3.006131131131131,0.1999,0.087,0.0014,0.0,0.0,0.0,95,50,50,45,0.4227915789473684,6.231571383476258,6.823919773101807,2.02197265625,11.318695068359375,9.435084265422907,8.970419840838463,10.568624114776505,4.182814106219363,1.102000345634854,0.43614594867986345,36.658425649588985,14.508547021225677,5.2135468802135465,173.4304543877905
conf020,0.2,PNOA_area_LiDAR_508000_4179000_512000_4183000_08_09,8,9,511696.0,4181311.0,511480.0,4181200.0,511912.0,4181422.0,9.5904,0.1688,1.7600934267600934,0.1648,0.0039,0.0001,0.0,0.0,0.0,101,57,57,44,0.39467144554455447,3.398912396347314,3.129931688308716,2.049072265625,7.8485107421875,8.108436267488068,7.754846058135819,2.7945412195745982,0.921663791107539,0.2913894331388261,0.09610274765469,16.5553389785225,5.460093549215278,5.943443443443443,337.6777251184834
conf020,0.2,PNOA_area_LiDAR_508000_4179000_512000_4183000_08_10,8,10,511956.0,4181311.0,511912.0,4181200.0,512000.0,4181422.0,1.9536,0.0666,3.4090909090909096,0.0524,0.0123,0.0019,0.0,0.0,0.0,30,21,21,9,0.4885511,4.703306640897479,3.452044725418091,2.088543653488159,11.0093994140625,6.79199146090925,5.726448375609772,2.3087817651436473,0.9119526813099579,1.1818088478417523,0.46680624555178024,34.66639287002473,13.692983202852218,10.74938574938575,315.3153153153153
conf020,0.2,PNOA_area_LiDAR_508000_4179000_512000_4183000_09_01,9,1,508228.0,4181089.0,508000.0,4180978.0,508456.0,4181200.0,10.1232,0.3935,3.887110795005532,0.1316,0.1557,0.0956,0.0106,0.0,0.0,603,80,80,523,0.4720864991708126,10.951632672548294,12.386538982391357,2.78125,16.97344970703125,8.482809993090871,8.081259996341274,36.159265967183565,15.541190294171603,3.5719205357183066,1.5352053001196857,91.89140017073332,39.49476567769149,7.902639481586849,203.30368487928843
conf020,0.2,PNOA_area_LiDAR_508000_4179000_512000_4183000_09_02,9,2,508672.0,4181089.0,508456.0,4180978.0,508888.0,4181200.0,9.5904,0.1739,1.8132716049382713,0.0596,0.0827,0.0285,0.0031,0.0,0.0,131,29,29,102,0.4408231221374046,10.445029916434452,10.544299125671387,3.778298854827881,17.457836151123047,10.546489420261807,10.142860529954065,15.6390290252378,6.778166192734803,1.6306962196819528,0.7067657441540293,89.93116173224728,38.97737891164349,3.023857190523857,166.7625071880391
conf020,0.2,PNOA_area_LiDAR_508000_4179000_512000_4183000_09_03,9,3,509104.0,4181089.0,508888.0,4180978.0,509320.0,4181200.0,9.5904,0.1556,1.6224557891224556,0.1179,0.0333,0.0044,0.0,0.0,0.0,5,5,5,0,0.2897214,8.85766544342041,9.14434814453125,4.994158744812012,12.677151679992676,12.340388416445572,11.801996197829826,2.7944015834833507,1.2233030232611928,0.29137487315266836,0.12755495320958382,17.958879071229763,7.8618446225012395,0.5213546880213547,32.13367609254499
conf020,0.2,PNOA_area_LiDAR_508000_4179000_512000_4183000_09_04,9,4,509536.0,4181089.0,509320.0,4180978.0,509752.0,4181200.0,9.5904,4.8253,50.31385552218885,2.2365,1.8282,0.6702,0.0873,0.0026,0.0005,384,382,382,2,0.43223286979166664,11.154323841264734,11.481310844421387,2.497021436691284,18.53289794921875,8.995007479227786,8.6748570335388,193.63872889871828,84.3965386532807,20.190891818768588,8.800106215932672,40.129883924049956,17.490423114268687,39.831498164831494,79.16606221374836
conf020,0.2,PNOA_area_LiDAR_508000_4179000_512000_4183000_09_05,9,5,509968.0,4181089.0,509752.0,4180978.0,510184.0,4181200.0,9.5904,7.5303,78.51914414414415,1.6244,4.0945,1.708,0.1034,0.0,0.0,651,650,650,1,0.4187619139784946,12.016222242942224,12.113598823547363,2.557373046875,17.735986709594727,8.100432249648291,7.892794731973527,283.9788995199617,119.10767656345274,29.610746112775452,12.419469111137463,37.71149881411918,15.817122367429283,67.7761094427761,86.31794218025841
conf020,0.2,PNOA_area_LiDAR_508000_4179000_512000_4183000_09_06,9,6,510400.0,4181089.0,510184.0,4180978.0,510616.0,4181200.0,9.5904,6.9667,72.64243410076743,1.8354,3.5743,1.4325,0.1243,0.0002,0.0,585,584,584,1,0.45462297435897436,11.983847720982277,12.005810737609863,4.660711765289307,17.548791885375977,8.135054269851759,8.004787931789458,252.80682748435115,105.69710484108579,26.360404934554463,11.021136223836939,36.28788773513301,15.171760638621699,60.89422756089422,83.82735010837268
conf020,0.2,PNOA_area_LiDAR_508000_4179000_512000_4183000_09_07,9,7,510832.0,4181089.0,510616.0,4180978.0,511048.0,4181200.0,9.5904,5.0515,52.67246413079746,1.8117,2.722,0.4975,0.0196,0.0007,0.0,449,434,434,15,0.4148355456570156,9.662345696704179,9.666897773742676,2.01220703125,18.850635528564453,8.563241459018545,8.362069991398286,139.13543311132713,56.23694258163066,14.507782064494403,5.863878730984177,27.543389708270244,11.13272148503032,45.25358692025358,85.91507473027814
conf020,0.2,PNOA_area_LiDAR_508000_4179000_512000_4183000_09_08,9,8,511264.0,4181089.0,511048.0,4180978.0,511480.0,4181200.0,9.5904,1.4726,15.354938271604937,0.7336,0.6778,0.0612,0.0,0.0,0.0,284,216,216,68,0.43446728169014087,7.7047849021576065,8.39640188217163,2.009033203125,12.360204696655273,9.539496658427606,9.342934250835405,61.27200895512661,24.707644920548017,6.388889822648336,2.5762893018589437,41.60804628217208,16.778245905573826,22.52252252252252,146.67934265924217
conf020,0.2,PNOA_area_LiDAR_508000_4179000_512000_4183000_09_09,9,9,511696.0,4181089.0,511480.0,4180978.0,511912.0,4181200.0,9.5904,0.253,2.6380547213880545,0.2313,0.0212,0.0005,0.0,0.0,0.0,156,71,70,86,0.42393465384615386,3.892489584398941,3.2009339332580566,2.0228271484375,9.325983047485352,7.991708576317871,7.69303549101129,4.980564597333603,1.7513922162537605,0.5193281403626129,0.18261930850160163,19.686026076417402,6.922498878473362,7.298965632298965,276.6798418972332
conf020,0.2,PNOA_area_LiDAR_508000_4179000_512000_4183000_09_10,9,10,511956.0,4181089.0,511912.0,4180978.0,512000.0,4181200.0,1.9536,0.1268,6.49058149058149,0.1151,0.0117,0.0,0.0,0.0,0.0,89,46,46,43,0.44657348314606743,3.731487108313519,3.499279737472534,2.0389647483825684,6.828711032867432,6.345874661371324,6.031314042908113,2.1008722105333426,0.6946258706005836,1.0753850381517929,0.3555619730756468,16.56839282755002,5.478122007891038,23.546273546273547,362.77602523659306
conf020,0.2,PNOA_area_LiDAR_508000_4179000_512000_4183000_10_01,10,1,508228.0,4180867.0,508000.0,4180756.0,508456.0,4180978.0,10.1232,2.4976,24.67204046151414,0.8428,1.0982,0.5092,0.0474,0.0,0.0,306,303,303,3,0.4670181405228758,11.260812353379656,11.8858642578125,2.1108460426330566,18.624053955078125,8.997223570052295,8.736991480644392,152.0281633562592,65.75170626945491,15.017797075653863,6.4951503743337,60.869700254748246,26.325955424989957,29.931247036510193,121.31646380525305
conf020,0.2,PNOA_area_LiDAR_508000_4179000_512000_4183000_10_02,10,2,508672.0,4180867.0,508456.0,4180756.0,508888.0,4180978.0,9.5904,1.9816,20.662328995662328,0.5271,0.908,0.4715,0.0729,0.0021,0.0,169,168,168,1,0.4329204970414201,10.85663215745063,10.977352619171143,2.9932799339294434,19.952423095703125,8.784432240541351,8.537984730497811,75.24885014469605,32.10206069058924,7.846268158230735,3.347311967236949,37.97378388408158,16.20007099848064,17.517517517517515,84.77997577714977
conf020,0.2,PNOA_area_LiDAR_508000_4179000_512000_4183000_10_03,10,3,509104.0,4180867.0,508888.0,4180756.0,509320.0,4180978.0,9.5904,1.7991,18.759384384384383,0.7607,0.8233,0.1969,0.0164,0.0018,0.0,126,123,123,3,0.4177134365079365,8.905819195072825,9.436694145202637,2.025744676589966,22.4268741607666,8.940995969812715,8.689879138680743,40.25835651741669,16.735903192526564,4.19777658047805,1.745068317539056,22.37694209183297,9.302375183439812,12.825325325325325,68.36751709187928
conf020,0.2,PNOA_area_LiDAR_508000_4179000_512000_4183000_10_04,10,4,509536.0,4180867.0,509320.0,4180756.0,509752.0,4180978.0,9.5904,7.8277,81.62016182849516,1.8792,5.0017,0.9366,0.0102,0.0,0.0,470,469,469,1,0.4124008659574468,10.473301925638845,10.431207656860352,2.199078321456909,15.917455673217773,8.424366932928676,8.221499070745914,169.902658944529,69.53696092539668,17.71590954960471,7.250684113842663,21.705310492804912,8.883447363260816,48.90306973640307,59.91542854222824
conf020,0.2,PNOA_area_LiDAR_508000_4179000_512000_4183000_10_05,10,5,509968.0,4180867.0,509752.0,4180756.0,510184.0,4180978.0,9.5904,8.1574,85.05797464130798,1.4169,5.2832,1.4229,0.0342,0.0002,0.0,692,692,692,0,0.42293014884393065,10.990718461874593,10.874425888061523,5.785424709320068,17.885204315185547,7.808646489441914,7.6185349394488515,234.82973396976655,95.00880670484479,24.48591653838907,9.906657355777108,28.787326105102917,11.646947152872825,72.15548882215549,84.83095103832102
conf020,0.2,PNOA_area_LiDAR_508000_4179000_512000_4183000_10_06,10,6,510400.0,4180867.0,510184.0,4180756.0,510616.0,4180978.0,9.5904,7.4737,77.92897063730396,1.5893,4.2819,1.5599,0.0425,0.0001,0.0,639,639,639,0,0.43186123474178406,11.318982774289747,11.206079483032227,4.789904594421387,16.90241050720215,8.183382698552759,8.030516337518456,251.14529276200076,103.71147833962533,26.187155151192936,10.814093086797769,33.60387662897905,13.876858629544312,66.62912912912913,85.4998193665788
conf020,0.2,PNOA_area_LiDAR_508000_4179000_512000_4183000_10_07,10,7,510832.0,4180867.0,510616.0,4180756.0,511048.0,4180978.0,9.5904,2.5804,26.906072739406074,1.5261,0.9864,0.0648,0.0031,0.0,0.0,358,283,283,75,0.4392823491620112,6.376208376126239,6.440771579742432,2.02880859375,16.133373260498047,8.79017326710812,8.603721763885586,53.583072387749,21.037168349199725,5.587157197588108,2.1935652683099476,20.765413264512866,8.152677239652661,29.508675342008672,109.6729189272981
conf020,0.2,PNOA_area_LiDAR_508000_4179000_512000_4183000_10_08,10,8,511264.0,4180867.0,511048.0,4180756.0,511480.0,4180978.0,9.5904,2.0417,21.288997330663996,1.0764,0.8857,0.0795,0.0001,0.0,0.0,376,326,326,50,0.4549378085106383,7.3328122624590355,8.218725681304932,2.0115966796875,14.36383056640625,9.013256581829397,8.988455116506973,83.87302764669485,33.72116057895106,8.74551923242981,3.5161370306714064,41.07999590865203,16.51621716165502,33.99232565899232,159.67086251653035
conf020,0.2,PNOA_area_LiDAR_508000_4179000_512000_4183000_10_09,10,9,511696.0,4180867.0,511480.0,4180756.0,511912.0,4180978.0,9.5904,0.7108,7.411578244911578,0.5789,0.1299,0.002,0.0,0.0,0.0,276,176,175,101,0.43895072826086956,4.441518360918218,3.5204497575759888,2.0081787109375,10.31951904296875,8.511932886759093,8.541223503821806,17.013609520408615,6.229980524729695,1.7740250167259566,0.649605910569913,23.935860326967664,8.764744688702441,18.24741408074741,246.20146314012382
conf020,0.2,PNOA_area_LiDAR_508000_4179000_512000_4183000_10_10,10,10,511956.0,4180867.0,511912.0,4180756.0,512000.0,4180978.0,1.9536,0.1749,8.952702702702704,0.1359,0.0316,0.0063,0.0011,0.0,0.0,138,75,75,63,0.48276053623188403,4.954916013081869,3.6291747093200684,2.001953125,16.057031631469727,6.884863341771875,6.0923916885143,7.405667553760722,2.8195788029321993,3.7907798698611392,1.4432733430242626,42.342295904864045,16.121090925855913,38.39066339066339,428.8164665523156
conf020,0.2,PNOA_area_LiDAR_508000_4179000_512000_4183000_11_01,11,1,508228.0,4180645.0,508000.0,4180534.0,508456.0,4180756.0,10.1232,3.5463,35.031412991939305,1.2999,1.5665,0.5814,0.098,0.0005,0.0,314,313,312,2,0.4081638439490446,12.606317358656813,12.90631103515625,3.56280517578125,18.9840087890625,8.76156816626988,8.600346587040193,167.90164505134695,72.2756642495915,16.585827115076945,7.139606473209212,47.345584144417266,20.380583777343006,30.82029397818871,87.97902038744607
conf020,0.2,PNOA_area_LiDAR_508000_4179000_512000_4183000_11_02,11,2,508672.0,4180645.0,508456.0,4180534.0,508888.0,4180756.0,9.5904,1.1522,12.014097430764096,0.4133,0.5645,0.1586,0.0157,0.0001,0.0,121,118,118,3,0.41953611570247934,10.006784105705002,9.949203491210938,2.84686279296875,17.329635620117188,9.435076288065359,9.297158436343906,52.12645854824099,22.21372749098165,5.435274706815251,2.3162461931704255,45.24080762735723,19.279402439664686,12.30397063730397,102.41277555979866
conf020,0.2,PNOA_area_LiDAR_508000_4179000_512000_4183000_11_03,11,3,509104.0,4180645.0,508888.0,4180534.0,509320.0,4180756.0,9.5904,2.4891,25.95407907907908,1.013,1.2903,0.1764,0.0094,0.0,0.0,105,104,104,1,0.3630896571428571,9.739259958267212,9.566555976867676,2.368609666824341,17.740102767944336,8.998659882111259,8.57175362593698,37.696481799936294,15.595654797732212,3.930647501661692,1.626173548312084,15.14462327746426,6.265579847226793,10.844177510844176,41.78217026234382
conf020,0.2,PNOA_area_LiDAR_508000_4179000_512000_4183000_11_04,11,4,509536.0,4180645.0,509320.0,4180534.0,509752.0,4180756.0,9.5904,5.5315,57.677469135802475,1.9503,2.7371,0.8131,0.031,0.0,0.0,492,488,488,4,0.4371235243902439,10.388753024281048,10.962996006011963,2.0069580078125,17.253265380859375,8.492943433819397,8.45726231809773,186.05529539210923,77.37955788683746,19.40016009677482,8.0684390522645,33.635595298220956,13.988892323391026,50.884217550884216,88.22200126547952
conf020,0.2,PNOA_area_LiDAR_508000_4179000_512000_4183000_11_05,11,5,509968.0,4180645.0,509752.0,4180534.0,510184.0,4180756.0,9.5904,7.2971,76.08754587921254,1.9755,4.0132,1.2481,0.0603,0.0,0.0,660,660,660,0,0.44085844696969695,12.13060055104169,12.272775173187256,3.1955323219299316,17.783838272094727,8.040011731488173,7.816310957178463,282.8787919069054,118.03866222659356,29.496036860496474,12.308001983920748,38.76591959914286,16.176105881321835,68.81881881881881,90.44688986035548
conf020,0.2,PNOA_area_LiDAR_508000_4179000_512000_4183000_11_06,11,6,510400.0,4180645.0,510184.0,4180534.0,510616.0,4180756.0,9.5904,7.8941,82.31252085418751,1.7521,4.6746,1.4232,0.0442,0.0,0.0,622,622,622,0,0.4241063392282958,11.839468784270945,11.823135375976562,5.331072807312012,17.664306640625,8.348052232269527,8.09856312905368,270.5385490220754,112.96653360563508,28.20930816463082,11.77912637696395,34.2709807352422,14.310248616768863,64.85652318985652,78.7930226371594
conf020,0.2,PNOA_area_LiDAR_508000_4179000_512000_4183000_11_07,11,7,510832.0,4180645.0,510616.0,4180534.0,511048.0,4180756.0,9.5904,2.8246,29.452369035702368,1.2606,1.1036,0.4134,0.044,0.0028,0.0002,360,311,311,49,0.4408735555555556,9.153544621452259,8.822283744812012,2.0015869140625,17.639820098876953,9.19658714957011,9.03132661389542,115.08850232576405,48.6366241542744,12.000386044978734,5.071386402472722,40.745062071006174,17.21894220571918,32.42826159492826,110.10408553423493
conf020,0.2,PNOA_area_LiDAR_508000_4179000_512000_4183000_11_08,11,8,511264.0,4180645.0,511048.0,4180534.0,511480.0,4180756.0,9.5904,2.1474,22.39114114114114,1.3298,0.7482,0.0691,0.0003,0.0,0.0,413,333,333,80,0.4441349636803874,6.825431235201724,7.485076904296875,2.0072021484375,13.955530166625977,9.157243661270439,9.074594223214074,78.73016414110022,31.50369135578402,8.20926803273067,3.284919435663165,36.66301766838978,14.670620916356533,34.72222222222222,155.07124895222128
conf020,0.2,PNOA_area_LiDAR_508000_4179000_512000_4183000_11_09,11,9,511696.0,4180645.0,511480.0,4180534.0,511912.0,4180756.0,9.5904,0.465,4.848598598598598,0.4129,0.0509,0.0012,0.0,0.0,0.0,369,215,215,154,0.4418606124661247,3.212298525211423,2.5017333030700684,2.0079345703125,10.48516845703125,7.396480093037442,6.599750540761832,11.058490278461411,3.8631526131812715,1.1530791498228865,0.4028145450848005,23.781699523572925,8.30785508211026,22.41825158491825,462.3655913978494
conf020,0.2,PNOA_area_LiDAR_508000_4179000_512000_4183000_11_10,11,10,511956.0,4180645.0,511912.0,4180534.0,512000.0,4180756.0,1.9536,0.0722,3.6957411957411956,0.0532,0.019,0.0,0.0,0.0,0.0,235,54,54,181,0.5405977744680851,3.647563091030827,2.3533172607421875,2.0010986328125,8.162389755249023,6.111132251403351,5.356817896299306,2.937955917559799,1.046366813256075,1.5038676891686111,0.5356095481450016,40.69191021550968,14.492615142050902,27.64127764127764,747.9224376731302
conf020,0.2,PNOA_area_LiDAR_508000_4179000_512000_4183000_12_01,12,1,508228.0,4180423.0,508000.0,4180312.0,508456.0,4180534.0,10.1232,4.5612,45.05689900426743,1.9987,1.7738,0.6564,0.1316,0.0007,0.0,554,553,553,1,0.43700040794223827,11.93892539302005,12.666272163391113,2.13824462890625,20.040447235107422,8.503019563017508,8.256010489079685,269.8663402616717,115.71839816875952,26.65820494129047,11.43100977643033,59.165645063069306,25.37016534437418,54.6269954164691,121.24002455494167
conf020,0.2,PNOA_area_LiDAR_508000_4179000_512000_4183000_12_02,12,2,508672.0,4180423.0,508456.0,4180312.0,508888.0,4180534.0,9.5904,2.4476,25.521354688021354,1.1559,0.96,0.3149,0.0168,0.0,0.0,278,277,277,1,0.4359540287769784,10.38106325387094,10.9072265625,2.257956027984619,16.8214168548584,9.379428140115227,8.939834965938452,128.42176139108886,54.82283407232695,13.390657469040796,5.716428310844901,52.46844312432132,22.3986084623006,28.88304971638305,113.17208694231084
conf020,0.2,PNOA_area_LiDAR_508000_4179000_512000_4183000_12_03,12,3,509104.0,4180423.0,508888.0,4180312.0,509320.0,4180534.0,9.5904,0.8858,9.23631965298632,0.5751,0.2468,0.056,0.0073,0.0006,0.0,155,147,147,8,0.44329734193548387,5.907987315638536,4.527822971343994,2.05303955078125,17.102497100830078,8.699709042030833,8.645127021043722,23.706568084430888,9.23255531067139,2.4719060815430938,0.9626871987269968,26.762890138215045,10.422844107779849,15.327827827827827,165.9516820952811
conf020,0.2,PNOA_area_LiDAR_508000_4179000_512000_4183000_12_04,12,4,509536.0,4180423.0,509320.0,4180312.0,509752.0,4180534.0,9.5904,5.9896,62.454120787454116,2.5904,2.7345,0.6417,0.023,0.0,0.0,541,539,539,2,0.4234910499075786,10.780153763316337,10.833605766296387,2.0831298828125,17.786029815673828,8.514934296162819,8.236774123856076,208.89604124790353,86.30667842522902,21.781786082739355,8.999278280908932,34.87645940428468,14.409422736948882,56.202035368702035,89.98931481234139
conf020,0.2,PNOA_area_LiDAR_508000_4179000_512000_4183000_12_05,12,5,509968.0,4180423.0,509752.0,4180312.0,510184.0,4180534.0,9.5904,6.7287,70.16078578578579,2.022,3.1591,1.413,0.1343,0.0003,0.0,733,733,733,0,0.45577531105047747,13.268231836542752,13.59088134765625,2.517016649246216,19.03656005859375,7.8519966478495435,7.656600708872237,349.73388678456877,147.40684176015466,36.46708028701293,15.370249599615725,51.97644222280214,21.907179954546148,76.4305972639306,108.93634728848069
conf020,0.2,PNOA_area_LiDAR_508000_4179000_512000_4183000_12_06,12,6,510400.0,4180423.0,510184.0,4180312.0,510616.0,4180534.0,9.5904,8.3911,87.49478645311977,1.9198,5.2176,1.2091,0.0446,0.0,0.0,527,527,527,0,0.39235745161290325,12.048133366021982,12.174657821655273,5.484405517578125,17.30340576171875,8.28014350565924,8.000352627110386,231.78515803341517,96.84354842268408,24.16845575089831,10.097967594957883,27.62273814320115,11.541222059406286,54.95078411745078,62.80463824766717
conf020,0.2,PNOA_area_LiDAR_508000_4179000_512000_4183000_12_07,12,7,510832.0,4180423.0,510616.0,4180312.0,511048.0,4180534.0,9.5904,4.7534,49.56414748081415,1.561,2.6383,0.5367,0.0173,0.0001,0.0,356,339,339,17,0.41908523314606744,9.847166644436772,9.965069770812988,2.333813428878784,17.074634552001953,8.98200455669372,8.630522707147824,126.0673151290052,52.176748024684855,13.14515714975446,5.440518437675681,26.521503582489416,10.976721509800322,35.347847847847845,71.31737282787057
conf020,0.2,PNOA_area_LiDAR_508000_4179000_512000_4183000_12_08,12,8,511264.0,4180423.0,511048.0,4180312.0,511480.0,4180534.0,9.5904,1.8399,19.184809809809806,1.0739,0.7183,0.0477,0.0,0.0,0.0,417,284,284,133,0.4408883069544364,6.730515328931137,7.3249969482421875,2.022705078125,12.105486869812012,9.200986851327214,8.997583113253434,64.4194373443387,25.649725409274417,6.717075131833782,2.6745209177171354,35.01246662554416,13.94082581079103,29.612946279612945,154.3562150116854
conf020,0.2,PNOA_area_LiDAR_508000_4179000_512000_4183000_12_09,12,9,511696.0,4180423.0,511480.0,4180312.0,511912.0,4180534.0,9.5904,1.2471,13.003628628628627,0.8809,0.3389,0.0272,0.0001,0.0,0.0,287,170,169,118,0.45227516724738676,5.4170893795350015,4.5833740234375,2.0013427734375,13.051403999328613,9.00498555110075,8.517652632925333,31.48478985384072,12.665093825964505,3.282948558333408,1.3206012080793819,25.246403539283712,10.155636136608535,17.621788455121788,135.514393392671
conf020,0.2,PNOA_area_LiDAR_508000_4179000_512000_4183000_12_10,12,10,511956.0,4180423.0,511912.0,4180312.0,512000.0,4180534.0,1.9536,0.0162,0.8292383292383292,0.0162,0.0,0.0,0.0,0.0,0.0,152,52,52,100,0.43124647368421054,2.2578732875677257,2.261486768722534,2.001708984375,2.77618408203125,4.921205085029678,4.703880816014223,0.44522969127145956,0.11341089018881975,0.22790217612175448,0.05805225746765958,27.483314276016024,7.000672233877763,26.617526617526618,3209.8765432098767
conf020,0.2,PNOA_area_LiDAR_508000_4179000_512000_4183000_13_01,13,1,508228.0,4180201.0,508000.0,4180090.0,508456.0,4180312.0,10.1232,4.4101,43.56428797218271,1.9666,1.5776,0.6919,0.1718,0.0022,0.0,574,574,574,0,0.43318066724738674,12.90971629171006,13.469393730163574,2.4898314476013184,20.217082977294922,8.227992288404996,7.956787575695206,295.3018653059345,126.80005298639442,29.170802246911496,12.525688812469813,66.96035584361681,28.752194504975947,56.701438280385645,130.15577878052653
conf020,0.2,PNOA_area_LiDAR_508000_4179000_512000_4183000_13_02,13,2,508672.0,4180201.0,508456.0,4180090.0,508888.0,4180312.0,9.5904,3.5703,37.22785285285285,1.1642,1.5455,0.7534,0.1062,0.001,0.0,276,276,276,0,0.4456608876811594,13.415075428243997,13.74725341796875,2.172293186187744,20.74346923828125,8.698549973233192,8.473922163666183,165.36311145301113,72.01728491985057,17.242566676365023,7.50930982230674,46.31630715990565,20.1712138811446,28.778778778778776,77.30442819931098
conf020,0.2,PNOA_area_LiDAR_508000_4179000_512000_4183000_13_03,13,3,509104.0,4180201.0,508888.0,4180090.0,509320.0,4180312.0,9.5904,3.3476,34.90573907240574,1.2434,1.4871,0.5685,0.0477,0.0009,0.0,335,326,326,9,0.43887625373134326,10.127618178268152,11.140869140625,2.06976318359375,19.419845581054688,8.431761242931291,8.262084522785603,128.66310896881166,54.64308267286398,13.415823007258473,5.697685463887218,38.4344333160508,16.323062096087938,33.99232565899232,97.38319990440912
conf020,0.2,PNOA_area_LiDAR_508000_4179000_512000_4183000_13_04,13,4,509536.0,4180201.0,509320.0,4180090.0,509752.0,4180312.0,9.5904,4.1195,42.95441274607941,1.9008,1.6847,0.4966,0.0374,0.0,0.0,461,454,454,7,0.42799475271149673,10.360644672935754,10.387622356414795,2.14691162109375,18.1151123046875,8.431927912093382,8.261350722194187,169.00362518222704,70.15785043595227,17.622166456271586,7.315424845256951,41.025276169978646,17.03067130378742,47.339005672339,110.2075494598859
conf020,0.2,PNOA_area_LiDAR_508000_4179000_512000_4183000_13_05,13,5,509968.0,4180201.0,509752.0,4180090.0,510184.0,4180312.0,9.5904,6.6246,69.07532532532532,2.3508,3.0973,1.0929,0.0836,0.0,0.0,662,661,661,1,0.4184639335347432,12.345140874115314,12.451299667358398,3.0212645530700684,17.780736923217773,7.915808449858719,7.6783331055296475,284.5461735027677,118.79599612624547,29.669896302841142,12.386969899716952,42.95295919795425,17.932553833627008,68.92308975642308,99.77960933490324
conf020,0.2,PNOA_area_LiDAR_508000_4179000_512000_4183000_13_06,13,6,510400.0,4180201.0,510184.0,4180090.0,510616.0,4180312.0,9.5904,8.0482,83.91933600266933,2.0861,4.3253,1.5654,0.0714,0.0,0.0,633,633,633,0,0.4170275655608215,12.602835125644436,12.684906005859375,4.41241455078125,18.269481658935547,8.317790433897336,8.165134392746817,305.76740030022876,129.17080789859568,31.882653518125284,13.468761250687738,37.992023098360974,16.049651835018476,66.0035035035035,78.65112696006561
conf020,0.2,PNOA_area_LiDAR_508000_4179000_512000_4183000_13_07,13,7,510832.0,4180201.0,510616.0,4180090.0,511048.0,4180312.0,9.5904,4.796,50.00834167500834,1.771,2.3666,0.6517,0.0067,0.0,0.0,387,374,374,13,0.41213418604651164,10.344752480002011,10.967989921569824,2.0941162109375,15.752019882202148,8.463869919155046,8.032003288134387,132.92380181685033,54.489524213083286,13.860089445367276,5.6816737793088175,27.71555500768355,11.361452087798849,38.997330663997325,77.98165137614679
conf020,0.2,PNOA_area_LiDAR_508000_4179000_512000_4183000_13_08,13,8,511264.0,4180201.0,511048.0,4180090.0,511480.0,4180312.0,9.5904,1.5807,16.482107107107105,1.0071,0.5476,0.026,0.0,0.0,0.0,452,284,283,169,0.4446177721238938,6.3374563715827295,6.545562744140625,2.0277099609375,12.331182479858398,9.133812989103198,8.927768834233756,53.917815610268114,20.887216163996957,5.622061187256851,2.177929613363046,34.11008768916816,13.213902805084428,29.508675342008672,179.03460492187006
conf020,0.2,PNOA_area_LiDAR_508000_4179000_512000_4183000_13_09,13,9,511696.0,4180201.0,511480.0,4180090.0,511912.0,4180312.0,9.5904,0.1388,1.4472806139472807,0.1268,0.01,0.002,0.0,0.0,0.0,595,169,169,426,0.4446883210084034,2.4731368016914503,2.1925048828125,2.0020751953125,12.039599418640137,5.612899158650819,5.549565274865064,2.824964466037131,0.8644205953199519,0.2945616935724402,0.09013394595845343,20.352769928221406,6.227814087319538,17.621788455121788,1217.579250720461
conf020,0.2,PNOA_area_LiDAR_508000_4179000_512000_4183000_13_10,13,10,511956.0,4180201.0,511912.0,4180090.0,512000.0,4180312.0,1.9536,0.0308,1.5765765765765767,0.0285,0.0023,0.0,0.0,0.0,0.0,191,48,48,143,0.4677157172774869,2.389150485396385,2.1773895025253296,2.0054931640625,6.1395263671875,4.893119205950611,4.734315924919642,0.5654293359711304,0.1608989682638281,0.28942943077965316,0.08236024174028875,18.358095323738,5.2239924760983145,24.57002457002457,1558.4415584415583
conf020,0.2,PNOA_area_LiDAR_508000_4179000_512000_4183000_14_01,14,1,508228.0,4179979.0,508000.0,4179868.0,508456.0,4180090.0,10.1232,3.6498,36.053816974869605,1.4265,1.5582,0.5825,0.0797,0.0029,0.0,369,369,369,0,0.41982171544715446,12.596754921807182,13.126996040344238,2.45159912109375,21.28139877319336,8.318728941252122,8.03184185890813,183.32407574566759,78.28919638441579,18.109300986414134,7.733641179114883,50.22852642491851,21.450270257114305,36.45092460881934,101.10143021535427
conf020,0.2,PNOA_area_LiDAR_508000_4179000_512000_4183000_14_02,14,2,508672.0,4179979.0,508456.0,4179868.0,508888.0,4180090.0,9.5904,2.0082,20.93968968968969,0.6796,0.9586,0.3496,0.0203,0.0001,0.0,192,192,192,0,0.42236753645833336,11.483097216735283,12.1888427734375,2.114758253097534,18.083541870117188,8.693947272122358,8.434060485796488,92.16583229891103,39.4239471097137,9.61021774888545,4.110771929191035,45.894747683951316,19.631484468535852,20.02002002002002,95.60800717060054
conf020,0.2,PNOA_area_LiDAR_508000_4179000_512000_4183000_14_03,14,3,509104.0,4179979.0,508888.0,4179868.0,509320.0,4180090.0,9.5904,4.901,51.10318651985318,1.9042,2.177,0.7376,0.0819,0.0003,0.0,399,398,398,1,0.42619678696741853,11.346215263682993,11.380132675170898,2.0613067150115967,19.229503631591797,8.49880776956455,8.218560724997474,173.31165743487276,73.10552547594138,18.071369018484397,7.622781685429322,35.362509168511075,14.916450821453047,41.49983316649983,81.20791675168333
conf020,0.2,PNOA_area_LiDAR_508000_4179000_512000_4183000_14_04,14,4,509536.0,4179979.0,509320.0,4179868.0,509752.0,4180090.0,9.5904,4.5327,47.26288788788789,2.3194,1.9677,0.2432,0.0024,0.0,0.0,464,460,460,4,0.43201147629310344,9.327374929448833,9.483642578125,2.07391357421875,16.258071899414062,8.197634988252045,7.980860420942504,131.72015621065685,52.59283412548392,13.73458418946622,5.483904125530104,29.059976660854865,11.602981473621444,47.96463129796463,101.48476625410903
conf020,0.2,PNOA_area_LiDAR_508000_4179000_512000_4183000_14_05,14,5,509968.0,4179979.0,509752.0,4179868.0,510184.0,4180090.0,9.5904,4.2372,44.181681681681674,1.7933,1.7307,0.6377,0.0755,0.0,0.0,454,453,453,1,0.4387434537444934,10.670147875813196,10.619461059570312,2.0299072265625,18.395299911499023,8.341881954078152,8.147646546519708,174.97670719488153,73.08151326030996,18.244985318118275,7.620277909191478,41.29536184151835,17.247595879427443,47.23473473473473,106.91022373265365
conf020,0.2,PNOA_area_LiDAR_508000_4179000_512000_4183000_14_06,14,6,510400.0,4179979.0,510184.0,4179868.0,510616.0,4180090.0,9.5904,8.1426,84.90365365365365,2.2435,4.7742,1.0794,0.0454,0.0001,0.0,528,528,528,0,0.41357347348484846,11.513269321033448,11.637152194976807,3.883227586746216,18.062768936157227,8.100174674887038,7.865404594308615,207.53009961692874,85.66143254002101,21.639358068164906,8.931997887472994,25.486957435822557,10.520157264267066,55.05505505505505,64.8441529732518
conf020,0.2,PNOA_area_LiDAR_508000_4179000_512000_4183000_14_07,14,7,510832.0,4179979.0,510616.0,4179868.0,511048.0,4180090.0,9.5904,2.548,26.568234901568232,1.1966,1.0579,0.2888,0.0047,0.0,0.0,321,257,257,64,0.43992132710280374,8.117320834430739,8.084301948547363,2.017578125,15.351031303405762,9.135602839891973,8.71881853919403,73.0524342233225,29.7987840879921,7.617245810740167,3.1071471563221658,28.670500087646197,11.69497020721825,26.79763096429763,100.86342229199371
conf020,0.2,PNOA_area_LiDAR_508000_4179000_512000_4183000_14_08,14,8,511264.0,4179979.0,511048.0,4179868.0,511480.0,4180090.0,9.5904,1.5521,16.18389222555889,1.0786,0.466,0.0075,0.0,0.0,0.0,369,278,278,91,0.4444811273712737,5.661958365131625,6.302539110183716,2.00634765625,10.8282470703125,9.128435225272018,8.921904165145605,46.47627618489559,17.87054961304903,4.846124894154111,1.8633789636562632,29.94412485335712,11.513787522098466,28.987320653987318,179.11217060756394
conf020,0.2,PNOA_area_LiDAR_508000_4179000_512000_4183000_14_09,14,9,511696.0,4179979.0,511480.0,4179868.0,511912.0,4180090.0,9.5904,0.2871,2.9936186186186187,0.2631,0.024,0.0,0.0,0.0,0.0,451,302,302,149,0.41987130155210645,2.5758281922498285,2.343292236328125,2.00341796875,10.112622261047363,5.881349964021942,5.6360689016645695,6.593523908294789,2.122429435610065,0.6875129200340745,0.22130770724996504,22.965948827219744,7.392648678544287,31.48982315648982,1051.8982932776034
conf020,0.2,PNOA_area_LiDAR_508000_4179000_512000_4183000_14_10,14,10,511956.0,4179979.0,511912.0,4179868.0,512000.0,4180090.0,1.9536,0.0965,4.939598689598689,0.0682,0.0276,0.0007,0.0,0.0,0.0,159,55,55,104,0.5059611383647798,3.4143589063124224,2.376251220703125,2.004638671875,9.48065185546875,5.997459503949435,5.516670481748299,2.946480217669368,1.0886427178475362,1.5082310696505774,0.557249548447756,30.533473758231793,11.281271687539235,28.153153153153152,569.9481865284974
conf020,0.2,PNOA_area_LiDAR_508000_4179000_512000_4183000_15_01,15,1,508228.0,4179757.0,508000.0,4179646.0,508456.0,4179868.0,10.1232,3.4542,34.12162162162162,1.2291,1.5626,0.5817,0.0789,0.0019,0.0,366,363,363,3,0.4371056830601093,11.947936688572907,11.936819076538086,2.3918304443359375,20.493518829345703,8.149322056194753,7.763970944665718,164.58497544289426,69.99445710729609,16.25819656263773,6.914262002854441,47.64778398555215,20.26357973113777,35.85822664770033,105.08945631405246
conf020,0.2,PNOA_area_LiDAR_508000_4179000_512000_4183000_15_02,15,2,508672.0,4179757.0,508456.0,4179646.0,508888.0,4179868.0,9.5904,2.2108,23.052218885552218,0.9975,0.9688,0.2302,0.0143,0.0,0.0,147,147,147,0,0.4212765918367347,9.852214665639968,10.07220458984375,2.7972655296325684,17.4425048828125,9.190101146742526,8.692218113914292,59.45789033308333,25.06900109852999,6.1997299730025155,2.61396824934622,26.894287286540315,11.339334674565764,15.327827827827827,66.49176768590556
conf020,0.2,PNOA_area_LiDAR_508000_4179000_512000_4183000_15_03,15,3,509104.0,4179757.0,508888.0,4179646.0,509320.0,4179868.0,9.5904,1.5957,16.638513513513512,1.2067,0.3533,0.0356,0.0001,0.0,0.0,363,347,346,17,0.4793745261707989,4.875246937749021,3.5406737327575684,2.0042724609375,13.020208358764648,8.735748339336485,8.478553537113402,43.230269899944986,16.449916250536393,4.507660775352956,1.7152481909551627,27.091727705674618,10.308902832948796,36.077744411077745,216.83273798333022
conf020,0.2,PNOA_area_LiDAR_508000_4179000_512000_4183000_15_04,15,4,509536.0,4179757.0,509320.0,4179646.0,509752.0,4179868.0,9.5904,6.2122,64.77519185852519,3.0522,3.0086,0.1511,0.0003,0.0,0.0,417,412,412,5,0.4061231270983213,8.313239432654335,8.524523735046387,2.040210008621216,14.434789657592773,8.80364611515285,8.521935204993655,112.11988223682604,44.7313243638476,11.690845244914293,4.664177131699157,18.048337503110982,7.200560890481246,42.959626292959626,66.32111007372589
conf020,0.2,PNOA_area_LiDAR_508000_4179000_512000_4183000_15_05,15,5,509968.0,4179757.0,509752.0,4179646.0,510184.0,4179868.0,9.5904,4.8965,51.05626459793125,2.6012,1.968,0.3085,0.0188,0.0,0.0,447,430,430,17,0.42493930425055926,8.662881244060605,8.33022165298462,2.0929017066955566,17.281208038330078,8.71370147890882,8.409034086619492,125.00611697508208,50.59428442463018,13.034505023260976,5.2755134743733505,25.529687935276645,10.332744700220603,44.8365031698365,87.8178290615746
conf020,0.2,PNOA_area_LiDAR_508000_4179000_512000_4183000_15_06,15,6,510400.0,4179757.0,510184.0,4179646.0,510616.0,4179868.0,9.5904,7.2548,75.64647981314648,2.5242,4.0963,0.6263,0.008,0.0,0.0,480,480,480,0,0.41340786041666666,10.171094173192978,10.427490234375,2.7725830078125,15.748712539672852,8.351462024315108,7.981446938336095,165.72183138831508,67.85409635531407,17.27997074035651,7.0752102472591405,22.843059958691498,9.352993377531298,50.05005005005005,66.16309202183382
conf020,0.2,PNOA_area_LiDAR_508000_4179000_512000_4183000_15_07,15,7,510832.0,4179757.0,510616.0,4179646.0,511048.0,4179868.0,9.5904,3.156,32.907907907907905,1.5363,1.5396,0.0801,0.0,0.0,0.0,385,307,306,79,0.4538111974025974,6.474680377140107,6.728051662445068,2.02783203125,12.462060928344727,9.349132481099062,9.089153825561443,64.2135658013708,25.291970378677433,6.695608713022481,2.6372174652441434,20.34650373934436,8.013932312635434,31.906906906906904,96.95817490494296
conf020,0.2,PNOA_area_LiDAR_508000_4179000_512000_4183000_15_08,15,8,511264.0,4179757.0,511048.0,4179646.0,511480.0,4179868.0,9.5904,0.9885,10.307182182182181,0.7066,0.2518,0.0301,0.0,0.0,0.0,251,197,197,54,0.4278268087649402,4.7492996520802455,3.110595703125,2.001220703125,13.042139053344727,7.94822621969558,6.887454651717115,25.50861422188699,9.96095293398388,2.6598071219017965,1.0386379018585126,25.80537604642083,10.076836554359007,20.541374708041374,199.29185634800203
conf020,0.2,PNOA_area_LiDAR_508000_4179000_512000_4183000_15_09,15,9,511696.0,4179757.0,511480.0,4179646.0,511912.0,4179868.0,9.5904,0.4004,4.175008341675008,0.3439,0.0563,0.0002,0.0,0.0,0.0,461,222,222,239,0.43961846203904553,3.064401599737975,2.356378197669983,2.0001220703125,8.714147567749023,6.847622898843426,6.04477336964211,10.541055875998856,3.738492997227822,1.09912577952941,0.38981617004794605,26.32631337662052,9.336895597472083,23.148148148148145,554.4455544455544
conf020,0.2,PNOA_area_LiDAR_508000_4179000_512000_4183000_15_10,15,10,511956.0,4179757.0,511912.0,4179646.0,512000.0,4179868.0,1.9536,0.099,5.0675675675675675,0.0782,0.0208,0.0,0.0,0.0,0.0,228,72,72,156,0.4730323245614035,3.5096703436639576,2.4920928478240967,2.0020751953125,8.146631240844727,6.484031719224443,5.978975646480398,4.365484146410712,1.6047482059676779,2.2345844320284156,0.8214313093610145,44.09579945869406,16.209577838057353,36.85503685503686,727.2727272727273
conf020,0.2,PNOA_area_LiDAR_508000_4179000_512000_4183000_16_01,16,1,508228.0,4179535.0,508000.0,4179424.0,508456.0,4179646.0,10.1232,5.3156,52.50908803540382,1.2695,2.6099,1.3197,0.1145,0.002,0.0,458,458,458,0,0.41766956768558955,11.767140949136826,11.804781913757324,2.5185303688049316,20.532556533813477,8.27202558964062,8.050430118146668,204.96003286102456,86.88365849781005,20.246565597935884,8.58262787436878,38.55821221706384,16.345033203741824,45.24261103208471,86.16148694408909
conf020,0.2,PNOA_area_LiDAR_508000_4179000_512000_4183000_16_02,16,2,508672.0,4179535.0,508456.0,4179424.0,508888.0,4179646.0,9.5904,1.5899,16.578036369703035,1.2443,0.3058,0.0395,0.0003,0.0,0.0,219,214,214,5,0.46801785388127853,5.100964725574601,3.834313988685608,2.0560302734375,13.986581802368164,8.951341485534094,8.720065448008356,30.413179299563705,11.761231719147665,3.1712107210923115,1.2263546587366183,19.1289888040529,7.3974663306797055,22.31398064731398,134.59966035599723
conf020,0.2,PNOA_area_LiDAR_508000_4179000_512000_4183000_16_03,16,3,509104.0,4179535.0,508888.0,4179424.0,509320.0,4179646.0,9.5904,2.1355,22.267058725392054,1.3767,0.6931,0.0656,0.0001,0.0,0.0,377,366,366,11,0.4653191352785146,5.284455059004611,3.553729295730591,2.0447998046875,12.681890487670898,8.798443251816595,8.598752376874195,53.35725410049932,20.621052568064208,5.563610913048394,2.150176485659014,24.985836619292588,9.656311200217377,38.16316316316316,171.38843362210255
conf020,0.2,PNOA_area_LiDAR_508000_4179000_512000_4183000_16_04,16,4,509536.0,4179535.0,509320.0,4179424.0,509752.0,4179646.0,9.5904,2.3984,25.00834167500834,1.6105,0.7579,0.03,0.0,0.0,0.0,402,378,378,24,0.4247572089552239,5.424145362995289,4.595449686050415,2.0098876953125,12.648290634155273,8.865760673879564,8.557264561102656,58.74782827849553,22.839489242047627,6.125691136813431,2.381494957670965,24.494591510380058,9.522802385777029,39.41441441441441,157.6050700466978
conf020,0.2,PNOA_area_LiDAR_508000_4179000_512000_4183000_16_05,16,5,509968.0,4179535.0,509752.0,4179424.0,510184.0,4179646.0,9.5904,3.1354,32.69310977644311,1.7495,1.3336,0.0514,0.0009,0.0,0.0,347,317,317,30,0.4571917780979827,6.575358800707555,7.137341499328613,2.0067138671875,15.013158798217773,9.03517597870079,8.842987553256451,63.502791282716224,24.695440429358385,6.621495587537144,2.5750167281196177,20.253489597090073,7.876328516093125,33.05388722055388,101.10352746061108
conf020,0.2,PNOA_area_LiDAR_508000_4179000_512000_4183000_16_06,16,6,510400.0,4179535.0,510184.0,4179424.0,510616.0,4179646.0,9.5904,4.1716,43.49766433099766,2.372,1.5671,0.231,0.0015,0.0,0.0,505,496,496,9,0.45229834257425744,7.143601339670919,6.440667629241943,2.0279541015625,15.4759521484375,8.375274009859336,8.156329566581354,100.36551653200421,39.25042556366368,10.465206511929033,4.092678674889856,24.059237830090183,9.408961924360842,51.71838505171838,118.89922331958961
conf020,0.2,PNOA_area_LiDAR_508000_4179000_512000_4183000_16_07,16,7,510832.0,4179535.0,510616.0,4179424.0,511048.0,4179646.0,9.5904,0.8503,8.866157824491157,0.6053,0.2295,0.0155,0.0,0.0,0.0,485,272,272,213,0.42454398762886597,3.6320073569522187,2.5498688220977783,2.0037841796875,12.214184761047363,8.140514512360921,6.781534897427841,21.976081734066806,8.172606839636044,2.291466647279238,0.8521653778399279,25.845092007605324,9.611439303347106,28.361695028361694,319.8870986710573
conf020,0.2,PNOA_area_LiDAR_508000_4179000_512000_4183000_16_08,16,8,511264.0,4179535.0,511048.0,4179424.0,511480.0,4179646.0,9.5904,0.2717,2.833041374708041,0.2516,0.0156,0.0045,0.0,0.0,0.0,495,237,236,259,0.4229446282828283,2.4652399121457513,2.223559617996216,2.00146484375,12.9417724609375,5.893080627358428,5.759146601691652,5.8572321021395455,2.136023592960016,0.6107390830559252,0.22272518278278444,21.557718447329943,7.861698906735429,24.60794127460794,868.605079131395
conf020,0.2,PNOA_area_LiDAR_508000_4179000_512000_4183000_16_09,16,9,511696.0,4179535.0,511480.0,4179424.0,511912.0,4179646.0,9.5904,0.8704,9.075742409075742,0.4671,0.3505,0.0528,0.0,0.0,0.0,461,207,207,254,0.43215269414316704,4.660883145631799,2.651660203933716,2.0009765625,13.211010932922363,7.731515192260141,6.8490580567827255,28.779218850667892,11.554787118500391,3.0008361330776494,1.2048284866637877,33.064359892771016,13.275260935777105,21.584084084084083,237.8216911764706
conf020,0.2,PNOA_area_LiDAR_508000_4179000_512000_4183000_16_10,16,10,511956.0,4179535.0,511912.0,4179424.0,512000.0,4179646.0,1.9536,0.1461,7.478501228501229,0.1097,0.0325,0.0039,0.0,0.0,0.0,199,105,105,94,0.5638582914572864,3.7221409616016206,2.51629638671875,2.00531005859375,13.854510307312012,6.272108985830223,6.09152437260155,5.328608811836556,1.901072576017121,2.7275843631432,0.9731124979612618,36.472339574514415,13.012132621609314,53.746928746928745,718.6858316221766
conf020,0.2,PNOA_area_LiDAR_508000_4179000_512000_4183000_17_01,17,1,508228.0,4179313.0,508000.0,4179202.0,508456.0,4179424.0,10.1232,5.3501,52.849889363047254,1.6142,2.2912,1.15,0.2534,0.0389,0.0024,411,408,408,3,0.4239085328467153,13.28747096716189,13.175065517425537,2.04095458984375,25.535202026367188,8.573927639401385,8.429428875602698,244.983348645613,108.2105466390233,24.20018854172722,10.68936172742051,45.79042422489542,20.2258923457549,40.30346135609293,76.26025681762957
conf020,0.2,PNOA_area_LiDAR_508000_4179000_512000_4183000_17_02,17,2,508672.0,4179313.0,508456.0,4179202.0,508888.0,4179424.0,9.5904,3.44,35.8692025358692,1.6405,1.2447,0.5088,0.0421,0.0039,0.0,323,315,315,8,0.4506502600619195,7.067653141324482,4.834069728851318,2.0857086181640625,28.189258575439453,8.930493070308376,8.673520553834159,79.72516828975263,33.21400295021095,8.313018048230797,3.4632552292095165,23.175921014462975,9.655233415758996,32.84534534534534,91.56976744186046
conf020,0.2,PNOA_area_LiDAR_508000_4179000_512000_4183000_17_03,17,3,509104.0,4179313.0,508888.0,4179202.0,509320.0,4179424.0,9.5904,2.3521,24.525567233900567,1.2652,0.91,0.1738,0.0031,0.0,0.0,334,317,317,17,0.4401178233532934,6.720251257111221,5.80438232421875,2.0303955078125,17.8626708984375,9.017702985490802,8.706975805339338,73.28029152587612,29.967292686592064,7.641004705317413,3.1247177058925657,31.155261904628254,12.740654175669428,33.05388722055388,134.77318141235492
conf020,0.2,PNOA_area_LiDAR_508000_4179000_512000_4183000_17_04,17,4,509536.0,4179313.0,509320.0,4179202.0,509752.0,4179424.0,9.5904,0.639,6.662912912912912,0.564,0.0733,0.0017,0.0,0.0,0.0,304,238,238,66,0.4599737894736842,3.6633428465418456,2.8569306135177612,2.005859375,10.264575004577637,8.48079577849731,8.06666994880474,16.79221160530544,5.990452077904153,1.7509396485345177,0.624630054836519,26.278891401103973,9.374729386391476,24.81648314981648,372.4569640062598
conf020,0.2,PNOA_area_LiDAR_508000_4179000_512000_4183000_17_05,17,5,509968.0,4179313.0,509752.0,4179202.0,510184.0,4179424.0,9.5904,0.8681,9.05176009342676,0.6701,0.1894,0.0086,0.0,0.0,0.0,286,214,214,72,0.4665730874125874,4.526909939596586,3.288421630859375,2.0216064453125,11.863744735717773,9.290421377929983,9.191751978580296,25.785194357494703,9.692184193859468,2.688646391964329,1.0106131333270216,29.70302310505092,11.16482455230903,22.31398064731398,246.51537841262527
conf020,0.2,PNOA_area_LiDAR_508000_4179000_512000_4183000_17_06,17,6,510400.0,4179313.0,510184.0,4179202.0,510616.0,4179424.0,9.5904,1.1992,12.50417083750417,0.8699,0.3119,0.0172,0.0002,0.0,0.0,191,167,167,24,0.4421935340314136,5.533871482232374,5.297509670257568,2.0076904296875,14.96630859375,9.387882908384784,9.19167556075384,27.632364606836575,10.595982028902805,2.881252565777921,1.1048529809917005,23.04233206040408,8.835875607824219,17.413246579913245,139.25950633755838
conf020,0.2,PNOA_area_LiDAR_508000_4179000_512000_4183000_17_07,17,7,510832.0,4179313.0,510616.0,4179202.0,511048.0,4179424.0,9.5904,1.4327,14.938897230563896,1.0385,0.3498,0.0442,0.0002,0.0,0.0,442,276,276,166,0.42580746832579186,3.6781195713126142,2.663842797279358,2.0020751953125,13.94482421875,7.989309796534759,6.432229989560841,24.94530430685082,9.502498331839558,2.6010702688991927,0.9908344106439311,17.41139408588736,6.632580674139427,28.778778778778776,192.64326097577998
conf020,0.2,PNOA_area_LiDAR_508000_4179000_512000_4183000_17_08,17,8,511264.0,4179313.0,511048.0,4179202.0,511480.0,4179424.0,9.5904,0.1664,1.7350684017350682,0.1595,0.0069,0.0,0.0,0.0,0.0,500,248,248,252,0.454710526,2.4146714268192166,2.295971632003784,2.0013427734375,8.140722274780273,5.991403187039609,5.788391646862625,4.372219871440214,1.3408572554479594,0.45589546540709597,0.13981244321904815,26.275359804328208,8.058036390913218,25.85919252585919,1490.3846153846155
conf020,0.2,PNOA_area_LiDAR_508000_4179000_512000_4183000_17_09,17,9,511696.0,4179313.0,511480.0,4179202.0,511912.0,4179424.0,9.5904,0.3451,3.5983900567233897,0.2611,0.0727,0.0111,0.0002,0.0,0.0,380,223,223,157,0.47257016842105265,3.14963843790405,2.462088108062744,2.0001220703125,13.1130952835083,6.463247825291725,6.04049695368608,13.270589248338235,5.23142717012827,1.3837367834853846,0.5454858160377325,38.45432989956023,15.15916305455888,23.25241908575242,646.1895102868733
conf020,0.2,PNOA_area_LiDAR_508000_4179000_512000_4183000_17_10,17,10,511956.0,4179313.0,511912.0,4179202.0,512000.0,4179424.0,1.9536,0.0435,2.2266584766584763,0.0427,0.0008,0.0,0.0,0.0,0.0,144,50,50,94,0.5297270625,2.5849194288253785,2.2984023094177246,2.0032958984375,7.301461696624756,5.533644194633569,5.219575691516699,0.7875599763611741,0.22591837587545927,0.40313266603254205,0.115642084293335,18.104827042785615,5.193525882194466,25.593775593775593,1149.4252873563219
conf020,0.2,PNOA_area_LiDAR_508000_4179000_512000_4183000_18_01,18,1,508228.0,4179101.0,508000.0,4179000.0,508456.0,4179202.0,9.2112,4.3281,46.98736321000521,2.0511,1.3977,0.6315,0.1891,0.0512,0.0075,307,306,306,1,0.4391344657980456,10.866255524890875,11.238499164581299,2.16534423828125,36.40687561035156,9.119472953577253,8.779123182369876,160.09648926977604,72.5256265253861,17.38063328011291,7.873634979740545,36.9900162357099,16.756920248003997,33.220427305888485,70.70076939072572
conf020,0.2,PNOA_area_LiDAR_508000_4179000_512000_4183000_18_02,18,2,508672.0,4179101.0,508456.0,4179000.0,508888.0,4179202.0,8.7264,3.3365,38.234552621928856,1.7062,1.3234,0.3043,0.0026,0.0,0.0,268,265,265,3,0.44761849626865674,6.178776408141514,3.9445557594299316,2.00732421875,14.840967178344727,9.225427622600822,8.828496518072965,51.50762508710426,20.586725004593205,5.902505625126542,2.3591314865916306,15.437621785435114,6.17015585331731,30.36762009534287,79.42454668065338
conf020,0.2,PNOA_area_LiDAR_508000_4179000_512000_4183000_18_03,18,3,509104.0,4179101.0,508888.0,4179000.0,509320.0,4179202.0,8.7264,1.2885,14.76553905390539,0.5999,0.5187,0.1692,0.0007,0.0,0.0,181,152,152,29,0.41613403867403315,6.125114707570327,3.459100365638733,2.0038819313049316,14.338793754577637,8.868858404379365,8.653693520444628,30.63662633965679,12.47409180900884,3.5107978478704607,1.4294659663789009,23.776970383901272,9.681095699657618,17.41840850751742,117.96662786185487
conf020,0.2,PNOA_area_LiDAR_508000_4179000_512000_4183000_18_04,18,4,509536.0,4179101.0,509320.0,4179000.0,509752.0,4179202.0,8.7264,0.3236,3.7082874954162084,0.2827,0.0402,0.0007,0.0,0.0,0.0,239,170,170,69,0.4434857489539749,3.274392416897942,2.6274384260177612,2.0001220703125,9.951397895812988,8.699470132636357,8.508897127557432,10.408826389189414,3.652910264536427,1.1927973034916362,0.418604494927625,32.16571813717371,11.288350632065596,19.48111477814448,525.3399258343634
conf020,0.2,PNOA_area_LiDAR_508000_4179000_512000_4183000_18_05,18,5,509968.0,4179101.0,509752.0,4179000.0,510184.0,4179202.0,8.7264,0.7051,8.080078841217455,0.5749,0.1285,0.0017,0.0,0.0,0.0,208,175,175,33,0.49891733173076924,4.340533144814628,3.4251708984375,2.035400390625,11.580535888671875,8.826357249219205,8.5190372328596,17.4330990293097,6.354789647244209,1.9977423713455378,0.7282258029936983,24.72429304965211,9.012607640397404,20.054088742207554,248.19174585165226
conf020,0.2,PNOA_area_LiDAR_508000_4179000_512000_4183000_18_06,18,6,510400.0,4179101.0,510184.0,4179000.0,510616.0,4179202.0,8.7264,1.8435,21.125550055005498,1.356,0.4676,0.0199,0.0,0.0,0.0,230,199,199,31,0.43942666956521736,5.902593120258657,5.646484375,2.01513671875,11.998693466186523,10.340868832540576,9.828796863354619,40.10467919372116,15.608453745468456,4.595787403020852,1.788647523087236,21.754640191874785,8.466750065347684,22.804363769710303,107.94684024952537
conf020,0.2,PNOA_area_LiDAR_508000_4179000_512000_4183000_18_07,18,7,510832.0,4179101.0,510616.0,4179000.0,511048.0,4179202.0,8.7264,0.5616,6.435643564356436,0.5141,0.047,0.0005,0.0,0.0,0.0,177,152,152,25,0.47204403389830507,3.3039527143302716,2.65673828125,2.008056640625,10.200769424438477,8.618642443868959,7.001076723880614,10.96107402620361,3.955106226689731,1.256082007036534,0.45323457859939165,19.51758195549076,7.04256806746747,17.41840850751742,270.65527065527067
conf020,0.2,PNOA_area_LiDAR_508000_4179000_512000_4183000_18_08,18,8,511264.0,4179101.0,511048.0,4179000.0,511480.0,4179202.0,8.7264,0.2422,2.7754858819215253,0.2244,0.013,0.004,0.0008,0.0,0.0,474,222,222,252,0.41331733966244727,2.541687147037403,2.3005279302597046,2.00146484375,15.643206596374512,6.085235888261307,5.990429692506856,4.9307337467075705,1.6356335415619707,0.565036412118121,0.18743508681265708,20.35810795502713,6.753235101411935,25.44004400440044,916.597853014038
conf020,0.2,PNOA_area_LiDAR_508000_4179000_512000_4183000_18_09,18,9,511696.0,4179101.0,511480.0,4179000.0,511912.0,4179202.0,8.7264,0.4521,5.180830583058306,0.3874,0.0584,0.0051,0.0012,0.0,0.0,497,325,325,172,0.45545133400402416,2.9480461780841534,2.380615234375,2.00048828125,18.804285049438477,6.239608561164548,5.872598329530806,14.854911770030794,5.770379237087704,1.7022955365363488,0.6612554131242786,32.85757967270691,12.763501962149313,37.243307664099746,718.8675071886751
conf020,0.2,PNOA_area_LiDAR_508000_4179000_512000_4183000_18_10,18,10,511956.0,4179101.0,511912.0,4179000.0,512000.0,4179202.0,1.7776,0.5108,28.735373537353738,0.2308,0.2212,0.0567,0.0021,0.0,0.0,168,123,123,45,0.48612336309523807,8.443965466041876,9.128591537475586,2.03375244140625,17.855682373046875,6.307763730604064,5.82593568151255,21.85254791528597,8.505089449707327,12.293287531101468,4.7845912745878305,42.781025675970966,16.65052750530017,69.19441944194419,240.7987470634299
conf025,0.25,PNOA_area_LiDAR_508000_4179000_512000_4183000_01_01,1,1,508228.0,4182877.0,508000.0,4182754.0,508456.0,4183000.0,11.2176,0.0,0.0,0.0,0.0,0.0,0.0,0.0,0.0,412,0,0,412,0.4818015849514563,,,,,,,0.0,0.0,0.0,0.0,,,0.0,
conf025,0.25,PNOA_area_LiDAR_508000_4179000_512000_4183000_01_02,1,2,508672.0,4182877.0,508456.0,4182754.0,508888.0,4183000.0,10.6272,0.0,0.0,0.0,0.0,0.0,0.0,0.0,0.0,199,0,0,199,0.47504698994974875,,,,,,,0.0,0.0,0.0,0.0,,,0.0,
conf025,0.25,PNOA_area_LiDAR_508000_4179000_512000_4183000_01_03,1,3,509104.0,4182877.0,508888.0,4182754.0,509320.0,4183000.0,10.6272,2.446,23.01641071966275,1.322,0.8028,0.2737,0.0474,0.0001,0.0,270,174,172,98,0.4666278962962963,8.980291002098172,7.7624969482421875,2.552258253097534,18.273452758789062,9.808603477532325,9.228431885016299,66.84802438313592,28.43446418780185,6.2902763082595525,2.6756308517579277,27.329527548297595,11.624883151186365,16.184884071062932,70.31888798037612
conf025,0.25,PNOA_area_LiDAR_508000_4179000_512000_4183000_01_04,1,4,509536.0,4182877.0,509320.0,4182754.0,509752.0,4183000.0,10.6272,4.5322,42.647169527250824,2.2391,1.9108,0.3588,0.0235,0.0,0.0,233,231,231,2,0.44171709442060086,9.891917734435111,9.8159761428833,2.47271728515625,16.881317138671875,9.9239006766794,9.639339928025517,101.95623006709401,43.02742290283798,9.593893976503125,4.048801462552505,22.495968859956317,9.493716716569875,21.736675700090334,50.96862450906845
conf025,0.25,PNOA_area_LiDAR_508000_4179000_512000_4183000_01_05,1,5,509968.0,4182877.0,509752.0,4182754.0,510184.0,4183000.0,10.6272,5.4506,51.2891448358928,1.9199,2.6799,0.7993,0.0515,0.0,0.0,299,299,298,1,0.43956214046822745,10.994217207599245,11.471857070922852,2.4558167457580566,17.358306884765625,8.79625277123512,8.557837762761753,133.44254097362017,56.530954597866064,12.55669799887272,5.319458991819676,24.482174618137485,10.371510402132989,28.04125263474857,54.672880049902766
conf025,0.25,PNOA_area_LiDAR_508000_4179000_512000_4183000_01_06,1,6,510400.0,4182877.0,510184.0,4182754.0,510616.0,4183000.0,10.6272,5.0543,47.56003462812405,2.0551,2.195,0.7519,0.052,0.0003,0.0,348,346,345,3,0.4523556206896552,10.974889814509133,11.515405654907227,2.759268283843994,18.38623046875,9.083118146948182,8.649927204207662,152.90284528544356,64.45332154512792,14.387876890003346,6.064939169783943,30.25203198968078,12.752175681128529,32.46386630532972,68.2587104050017
conf025,0.25,PNOA_area_LiDAR_508000_4179000_512000_4183000_01_07,1,7,510832.0,4182877.0,510616.0,4182754.0,511048.0,4183000.0,10.6272,2.1389,20.126656127672387,1.6196,0.5025,0.0167,0.0001,0.0,0.0,256,210,210,46,0.48521983984375,5.414402606373741,5.27056884765625,2.0098876953125,12.887603759765625,9.100287229152036,8.949325425289128,33.16679205099682,12.71435490015626,3.1209342113629948,1.196397442426628,15.506471574639683,5.9443428398505125,19.760614272809395,98.18130814904858
conf025,0.25,PNOA_area_LiDAR_508000_4179000_512000_4183000_01_08,1,8,511264.0,4182877.0,511048.0,4182754.0,511480.0,4183000.0,10.6272,0.4439,4.177017464619091,0.3639,0.0781,0.0019,0.0,0.0,0.0,484,317,317,167,0.5079316446280991,2.5278214791595746,2.2937254905700684,2.0023193359375,10.327545166015625,6.503814496976532,6.193502173128242,9.182349235259673,3.2291122203004403,0.8640421969342511,0.30385352870939103,20.685625670780972,7.274413652400181,29.8291177356218,714.1248028835323
conf025,0.25,PNOA_area_LiDAR_508000_4179000_512000_4183000_01_09,1,9,511696.0,4182877.0,511480.0,4182754.0,511912.0,4183000.0,10.6272,0.3466,3.261442336645589,0.3381,0.0085,0.0,0.0,0.0,0.0,650,419,419,231,0.4856344830769231,2.3945202696579453,2.30804443359375,2.000244140625,7.4449462890625,5.909750183218123,5.764905960474096,5.854017007136878,1.6258260207391075,0.5508522477357044,0.15298724224058147,16.88983556588828,4.690784826137067,39.42713038241494,1208.8863242931332
conf025,0.25,PNOA_area_LiDAR_508000_4179000_512000_4183000_01_10,1,10,511956.0,4182877.0,511912.0,4182754.0,512000.0,4183000.0,2.1648,0.0879,4.060421286031042,0.0879,0.0,0.0,0.0,0.0,0.0,305,156,156,149,0.6186451213114754,2.413670229606139,2.3766387701034546,2.0006103515625,3.296966552734375,5.436545960487908,5.40898863512624,1.7981476004922186,0.47434218885322893,0.8306298967536117,0.21911594089672437,20.456741757590652,5.396384401060624,72.06208425720621,1774.7440273037541
conf025,0.25,PNOA_area_LiDAR_508000_4179000_512000_4183000_02_01,2,1,508228.0,4182643.0,508000.0,4182532.0,508456.0,4182754.0,10.1232,0.0,0.0,0.0,0.0,0.0,0.0,0.0,0.0,312,0,0,312,0.4977454102564103,,,,,,,0.0,0.0,0.0,0.0,,,0.0,
conf025,0.25,PNOA_area_LiDAR_508000_4179000_512000_4183000_02_02,2,2,508672.0,4182643.0,508456.0,4182532.0,508888.0,4182754.0,9.5904,0.0,0.0,0.0,0.0,0.0,0.0,0.0,0.0,116,0,0,116,0.4578218275862069,,,,,,,0.0,0.0,0.0,0.0,,,0.0,
conf025,0.25,PNOA_area_LiDAR_508000_4179000_512000_4183000_02_03,2,3,509104.0,4182643.0,508888.0,4182532.0,509320.0,4182754.0,9.5904,2.8482,29.698448448448445,1.2237,1.1213,0.4422,0.0602,0.0008,0.0,254,157,157,97,0.4653091377952756,12.368301522200275,12.973007202148438,3.237579345703125,19.101184844970703,9.650750902781732,9.386016915155745,95.14789965456185,41.54418598044199,9.92116070805825,4.331851224186893,33.40632668161009,14.586119647651847,16.370537203870537,55.12253352994874
conf025,0.25,PNOA_area_LiDAR_508000_4179000_512000_4183000_02_04,2,4,509536.0,4182643.0,509320.0,4182532.0,509752.0,4182754.0,9.5904,1.4237,14.845053386720053,0.6864,0.6191,0.112,0.0062,0.0,0.0,67,65,65,2,0.4473403432835821,9.7214996778048,9.478195190429688,2.6913514137268066,16.04775619506836,10.056946710782398,9.71605332267539,28.59508654625271,12.046564535543952,2.9816364850530435,1.2561065790315264,20.08505060493974,8.461448714998912,6.77761094427761,45.65568588888109
conf025,0.25,PNOA_area_LiDAR_508000_4179000_512000_4183000_02_05,2,5,509968.0,4182643.0,509752.0,4182532.0,510184.0,4182754.0,9.5904,2.2429,23.386928595261928,1.3007,0.7981,0.1384,0.0056,0.0001,0.0,209,203,203,6,0.47140174641148325,7.264132093326212,7.306408882141113,2.0102295875549316,16.085824966430664,9.107363239375305,8.551821848610949,58.82083689756572,24.565227630552073,6.133303813977072,2.561439317500007,26.22534972471609,10.95243997973698,21.167000333666998,90.50782469124793
conf025,0.25,PNOA_area_LiDAR_508000_4179000_512000_4183000_02_06,2,6,510400.0,4182643.0,510184.0,4182532.0,510616.0,4182754.0,9.5904,2.6509,27.641182849516184,1.4408,0.9549,0.2388,0.0164,0.0,0.0,143,143,143,0,0.48352695104895105,8.503163569457048,8.1612548828125,2.3307738304138184,16.739818572998047,9.92213508602701,9.560433897246988,52.70447321261604,22.15140374698635,5.495544837818655,2.309747637949027,19.881728172551224,8.356182333164718,14.910744077410744,53.94394356633596
conf025,0.25,PNOA_area_LiDAR_508000_4179000_512000_4183000_02_07,2,7,510832.0,4182643.0,510616.0,4182532.0,511048.0,4182754.0,9.5904,1.0565,11.016224557891224,0.6863,0.368,0.0022,0.0,0.0,0.0,154,111,110,44,0.48021446753246755,5.253063979449573,5.575164794921875,2.0848631858825684,10.21923828125,10.03100581825365,9.099015884886867,22.459608180833232,9.013697432827508,2.341884403240035,0.9398666826021341,21.258502774096765,8.531658715407012,11.469803136469801,104.11736867013725
conf025,0.25,PNOA_area_LiDAR_508000_4179000_512000_4183000_02_08,2,8,511264.0,4182643.0,511048.0,4182532.0,511480.0,4182754.0,9.5904,1.5871,16.54884050717384,1.2286,0.3427,0.0156,0.0002,0.0,0.0,185,169,169,16,0.4693107135135135,4.322358587084437,3.339611768722534,2.004150390625,12.005663871765137,9.03672478587938,8.850679478346532,20.296429698877912,7.739139463573901,2.11632775472117,0.806967328117065,12.78837483389699,4.876277149249512,17.621788455121788,106.48352340747275
conf025,0.25,PNOA_area_LiDAR_508000_4179000_512000_4183000_02_09,2,9,511696.0,4182643.0,511480.0,4182532.0,511912.0,4182754.0,9.5904,0.4551,4.74537037037037,0.4196,0.0355,0.0,0.0,0.0,0.0,316,150,150,166,0.4683695094936709,3.0096185715993244,2.4199066162109375,2.0006103515625,8.260717391967773,6.584955902761694,5.835100961015003,5.897472373642191,1.9995584013867678,0.6149349738949564,0.2084958293070954,12.9586296937864,4.393668207837328,15.640640640640639,329.5978905735003
conf025,0.25,PNOA_area_LiDAR_508000_4179000_512000_4183000_02_10,2,10,511956.0,4182643.0,511912.0,4182532.0,512000.0,4182754.0,1.9536,0.0856,4.381654381654381,0.0779,0.0077,0.0,0.0,0.0,0.0,209,131,131,78,0.6292885550239234,2.5042016833793115,2.343963623046875,2.0140380859375,9.496594429016113,5.915918472031289,5.916642586084368,2.2105818628731218,0.6520424528659733,1.1315427226009018,0.3337645643253344,25.824554472816843,7.617318374602492,67.05569205569205,1530.373831775701
conf025,0.25,PNOA_area_LiDAR_508000_4179000_512000_4183000_03_01,3,1,508228.0,4182421.0,508000.0,4182310.0,508456.0,4182532.0,10.1232,0.0,0.0,0.0,0.0,0.0,0.0,0.0,0.0,216,0,0,216,0.5023313981481482,,,,,,,0.0,0.0,0.0,0.0,,,0.0,
conf025,0.25,PNOA_area_LiDAR_508000_4179000_512000_4183000_03_02,3,2,508672.0,4182421.0,508456.0,4182310.0,508888.0,4182532.0,9.5904,0.0,0.0,0.0,0.0,0.0,0.0,0.0,0.0,121,0,0,121,0.49631668595041323,,,,,,,0.0,0.0,0.0,0.0,,,0.0,
conf025,0.25,PNOA_area_LiDAR_508000_4179000_512000_4183000_03_03,3,3,509104.0,4182421.0,508888.0,4182310.0,509320.0,4182532.0,9.5904,1.6495,17.19949115782449,0.7149,0.7289,0.1919,0.0136,0.0002,0.0,136,86,86,50,0.4391279779411765,11.211080509562825,10.988370895385742,3.340191602706909,18.928924560546875,9.638559690785595,9.057340559243713,43.96659886433135,18.799711167445672,4.584438486854704,1.960263510119043,26.65450067555705,11.397218046344754,8.9673006339673,52.137011215519856
conf025,0.25,PNOA_area_LiDAR_508000_4179000_512000_4183000_03_04,3,4,509536.0,4182421.0,509320.0,4182310.0,509752.0,4182532.0,9.5904,3.801,39.63338338338338,1.8351,1.7009,0.2569,0.0081,0.0,0.0,203,202,202,1,0.42622056650246304,9.16893438891609,9.238780498504639,2.8333740234375,16.13223648071289,9.399983439954177,9.070814361191967,71.81371215380051,29.68873867922582,7.488083099120006,3.0956726183710606,18.893373363272957,7.810770502295664,21.06272939606273,53.14390949750066
conf025,0.25,PNOA_area_LiDAR_508000_4179000_512000_4183000_03_05,3,5,509968.0,4182421.0,509752.0,4182310.0,510184.0,4182532.0,9.5904,4.6496,48.481815148481815,2.2921,1.9414,0.3996,0.0165,0.0,0.0,295,293,293,2,0.44510274237288133,9.96821317330969,10.282015800476074,2.015869140625,16.254024505615234,9.08843723542073,8.722442254762115,110.4988382140881,45.627976384636334,11.521817464765608,4.757671878611562,23.765235335101533,9.81331219559453,30.551384718051384,63.01617343427391
conf025,0.25,PNOA_area_LiDAR_508000_4179000_512000_4183000_03_06,3,6,510400.0,4182421.0,510184.0,4182310.0,510616.0,4182532.0,9.5904,1.244,12.971304637971304,0.89,0.3135,0.0371,0.0034,0.0,0.0,105,101,101,4,0.5012964095238095,7.3638209423216265,6.442474365234375,2.46893310546875,16.811443328857422,10.69990054509631,10.401187629826747,32.4565798255963,13.378712422342751,3.3842780098427907,1.3950108882155854,26.09049825208706,10.754591979375203,10.531364698031364,81.18971061093248
conf025,0.25,PNOA_area_LiDAR_508000_4179000_512000_4183000_03_07,3,7,510832.0,4182421.0,510616.0,4182310.0,511048.0,4182532.0,9.5904,2.8115,29.315774107440774,1.5967,0.9688,0.2395,0.0065,0.0,0.0,186,185,185,1,0.4645456720430107,8.419518688562754,8.5828857421875,2.413238525390625,15.391222953796387,9.70905727553732,9.535449507646328,61.26157503065477,25.26277260305146,6.387801867560765,2.634172985803664,21.78964077206287,8.985513997172847,19.290123456790123,65.8011737506669
conf025,0.25,PNOA_area_LiDAR_508000_4179000_512000_4183000_03_08,3,8,511264.0,4182421.0,511048.0,4182310.0,511480.0,4182532.0,9.5904,2.3472,24.474474474474473,1.0931,1.0232,0.2247,0.0062,0.0,0.0,195,166,166,29,0.4503886615384615,8.372909423816635,8.440820217132568,2.05126953125,16.0360107421875,9.458398370955866,9.333573312028566,53.08544257062164,21.90865342942871,5.535268869976397,2.2844358347335576,22.616497346038532,9.333952551733432,17.308975642308976,70.7225630538514
conf025,0.25,PNOA_area_LiDAR_508000_4179000_512000_4183000_03_09,3,9,511696.0,4182421.0,511480.0,4182310.0,511912.0,4182532.0,9.5904,1.0532,10.981815148481813,0.949,0.1036,0.0006,0.0,0.0,0.0,415,333,332,83,0.5129106722891567,2.9964619327235864,2.5722107887268066,2.0008544921875,9.271240234375,7.0917735854131045,6.441724975300055,13.013204482954263,4.366072091000899,1.3568990326737427,0.4552544305765035,12.355872087879096,4.14552990030469,34.61795128461795,315.22977592100267
conf025,0.25,PNOA_area_LiDAR_508000_4179000_512000_4183000_03_10,3,10,511956.0,4182421.0,511912.0,4182310.0,512000.0,4182532.0,1.9536,0.1019,5.216011466011467,0.1002,0.0017,0.0,0.0,0.0,0.0,239,158,158,81,0.6267178912133892,2.410940672777876,2.3742828369140625,2.00732421875,4.5577392578125,6.028311832852704,6.146066807681901,2.205535945108768,0.5982407233877355,1.1289598408623915,0.3062247765088736,21.64412114925189,5.870860877210358,80.87633087633088,1550.53974484789
conf025,0.25,PNOA_area_LiDAR_508000_4179000_512000_4183000_04_01,4,1,508228.0,4182199.0,508000.0,4182088.0,508456.0,4182310.0,10.1232,0.0,0.0,0.0,0.0,0.0,0.0,0.0,0.0,99,0,0,99,0.4989839090909091,,,,,,,0.0,0.0,0.0,0.0,,,0.0,
conf025,0.25,PNOA_area_LiDAR_508000_4179000_512000_4183000_04_02,4,2,508672.0,4182199.0,508456.0,4182088.0,508888.0,4182310.0,9.5904,0.0,0.0,0.0,0.0,0.0,0.0,0.0,0.0,154,0,0,154,0.487306974025974,,,,,,,0.0,0.0,0.0,0.0,,,0.0,
conf025,0.25,PNOA_area_LiDAR_508000_4179000_512000_4183000_04_03,4,3,509104.0,4182199.0,508888.0,4182088.0,509320.0,4182310.0,9.5904,4.9632,51.75175175175174,1.8533,2.6618,0.4464,0.0017,0.0,0.0,241,230,230,11,0.42875608298755186,9.855416940606158,10.006665229797363,4.885165214538574,14.4136962890625,8.909571564850763,8.538789491977326,82.13815636250767,33.630659479672495,8.564622577004886,3.5067003961954133,16.54943511494755,6.776003280075858,23.982315648982315,46.34107027724049
conf025,0.25,PNOA_area_LiDAR_508000_4179000_512000_4183000_04_04,4,4,509536.0,4182199.0,509320.0,4182088.0,509752.0,4182310.0,9.5904,4.6778,48.775859192525864,2.581,1.958,0.1358,0.003,0.0,0.0,150,150,150,0,0.43826474,8.474411131540935,8.656063556671143,2.465679883956909,17.047588348388672,9.680507322428365,9.258716748523348,49.748251400184266,20.404762133099492,5.187296817670197,2.1276236792104073,10.634967591642281,4.362042441553613,15.640640640640639,32.06635597930651
conf025,0.25,PNOA_area_LiDAR_508000_4179000_512000_4183000_04_05,4,5,509968.0,4182199.0,509752.0,4182088.0,510184.0,4182310.0,9.5904,6.063,63.21946946946946,3.7594,2.1056,0.1776,0.0182,0.0022,0.0,221,221,221,0,0.4507769909502262,8.004441612985879,7.734631538391113,3.226654052734375,21.63117027282715,9.578089795753904,9.307566806464179,65.33980804124262,26.54324464587904,6.81304304734345,2.7676890062853516,10.776811486267956,4.377906093663045,23.043877210543876,36.45060201220518
conf025,0.25,PNOA_area_LiDAR_508000_4179000_512000_4183000_04_06,4,6,510400.0,4182199.0,510184.0,4182088.0,510616.0,4182310.0,9.5904,3.2102,33.473056389723055,1.7863,1.1476,0.2442,0.0319,0.0002,0.0,182,179,179,3,0.4663169175824176,8.44113510281014,7.851458549499512,2.061511278152466,19.368091583251953,9.949796550221297,9.620596340131142,67.00129159830126,28.446250045977127,6.986287495652033,2.96611716361957,20.87137611310861,8.861208038744355,18.664497831164496,55.75976574668245
conf025,0.25,PNOA_area_LiDAR_508000_4179000_512000_4183000_04_07,4,7,510832.0,4182199.0,510616.0,4182088.0,511048.0,4182310.0,9.5904,4.703,49.03862195528862,2.0159,1.6121,0.9761,0.0989,0.0,0.0,287,287,287,0,0.4531561463414634,10.40155763576255,11.233373641967773,2.136547803878784,18.6202449798584,9.154271875906014,8.962537186318755,122.85459855360837,52.21118972735398,12.810164180181053,5.444109706305678,26.122602286542286,11.101677594589406,29.925759092425757,61.02487773761428
conf025,0.25,PNOA_area_LiDAR_508000_4179000_512000_4183000_04_08,4,8,511264.0,4182199.0,511048.0,4182088.0,511480.0,4182310.0,9.5904,1.3405,13.977519185852518,0.5778,0.6783,0.0836,0.0008,0.0,0.0,197,106,106,91,0.42277692893401014,7.555059583681934,8.144146919250488,2.0235595703125,14.667315483093262,8.889416396484048,8.746509250277377,24.856708302455647,9.826396005634686,2.591832280452916,1.0246075247783915,18.54286333640854,7.33039612505385,11.052719386052718,79.07497202536366
conf025,0.25,PNOA_area_LiDAR_508000_4179000_512000_4183000_04_09,4,9,511696.0,4182199.0,511480.0,4182088.0,511912.0,4182310.0,9.5904,0.4224,4.404404404404405,0.3632,0.0535,0.0057,0.0,0.0,0.0,398,174,174,224,0.4734035201005025,2.9847944961197075,2.493157982826233,2.0009765625,13.626001358032227,7.571599307706272,6.8095730427243915,8.131839142204658,2.9011145784377943,0.84791449180479,0.302501937191128,19.251513120749664,6.86816898304402,18.143143143143142,411.9318181818182
conf025,0.25,PNOA_area_LiDAR_508000_4179000_512000_4183000_04_10,4,10,511956.0,4182199.0,511912.0,4182088.0,512000.0,4182310.0,1.9536,0.0634,3.245290745290745,0.0634,0.0,0.0,0.0,0.0,0.0,215,99,99,116,0.5801736558139535,2.4005123798293297,2.382641553878784,2.0118408203125,3.1590819358825684,5.594766089142902,5.438185028420279,1.2211357115930428,0.3264232467705744,0.6250694674411562,0.1670880665287543,19.260815640268813,5.148631652532719,50.67567567567568,1561.5141955835963
conf025,0.25,PNOA_area_LiDAR_508000_4179000_512000_4183000_05_01,5,1,508228.0,4181977.0,508000.0,4181866.0,508456.0,4182088.0,10.1232,0.0,0.0,0.0,0.0,0.0,0.0,0.0,0.0,213,0,0,213,0.49149911267605634,,,,,,,0.0,0.0,0.0,0.0,,,0.0,
conf025,0.25,PNOA_area_LiDAR_508000_4179000_512000_4183000_05_02,5,2,508672.0,4181977.0,508456.0,4181866.0,508888.0,4182088.0,9.5904,0.0,0.0,0.0,0.0,0.0,0.0,0.0,0.0,142,0,0,142,0.4409214647887324,,,,,,,0.0,0.0,0.0,0.0,,,0.0,
conf025,0.25,PNOA_area_LiDAR_508000_4179000_512000_4183000_05_03,5,3,509104.0,4181977.0,508888.0,4181866.0,509320.0,4182088.0,9.5904,5.1657,53.86323823823823,2.1417,2.4799,0.5299,0.0142,0.0,0.0,364,240,240,124,0.44382017307692306,10.54734995563825,10.677813529968262,3.46002197265625,17.427692413330078,9.052023560559253,8.952728902346768,100.25481811761298,41.995488475911024,10.453663884469155,4.378908958532597,19.407789480150413,8.129680096775079,25.025025025025023,46.46030547650851
conf025,0.25,PNOA_area_LiDAR_508000_4179000_512000_4183000_05_04,5,4,509536.0,4181977.0,509320.0,4181866.0,509752.0,4182088.0,9.5904,2.3481,24.48385885885886,1.2148,0.9084,0.2199,0.005,0.0,0.0,98,95,95,3,0.445725806122449,9.607516715401097,9.918004989624023,3.263684034347534,15.160415649414062,9.53223505871248,9.19468091623267,37.30972228664199,15.576953532454398,3.8903197245831236,1.6242235498471802,15.889324256480554,6.633854406734977,9.905739072405739,40.45824283463225
conf025,0.25,PNOA_area_LiDAR_508000_4179000_512000_4183000_05_05,5,5,509968.0,4181977.0,509752.0,4181866.0,510184.0,4182088.0,9.5904,4.7246,49.26384718051384,2.5644,1.9451,0.2102,0.0049,0.0,0.0,230,230,229,1,0.4534695391304348,8.753299777404122,8.909615993499756,2.399523973464966,14.236577987670898,9.577682231535409,9.325977872154644,77.50454770860442,31.788137656131408,8.081471858171131,3.3145789180984533,16.404467618127338,6.728217765764596,23.878044711378042,48.46971172162723
conf025,0.25,PNOA_area_LiDAR_508000_4179000_512000_4183000_05_06,5,6,510400.0,4181977.0,510184.0,4181866.0,510616.0,4182088.0,9.5904,3.7202,38.790874207540874,1.9145,1.5082,0.2894,0.0081,0.0,0.0,283,276,276,7,0.44425049469964667,8.870766022930974,9.243392944335938,2.07958984375,17.525976181030273,9.175199202175113,9.15879773420024,91.0387419516593,37.40826807834106,9.49269498161279,3.900595186680541,24.471464424401727,10.05544542721925,28.778778778778776,74.18955970109134
conf025,0.25,PNOA_area_LiDAR_508000_4179000_512000_4183000_05_07,5,7,510832.0,4181977.0,510616.0,4181866.0,511048.0,4182088.0,9.5904,3.6528,38.088088088088085,1.7913,1.4341,0.4173,0.0101,0.0,0.0,267,250,250,17,0.46574944194756557,8.658895391464233,9.374139308929443,2.0623779296875,16.455652236938477,9.41165489127904,9.19445935832615,86.00871806003528,35.756203744241354,8.968209674261269,3.728332889581389,23.5459696835401,9.788711055694632,26.06773440106773,68.44064826982041
conf025,0.25,PNOA_area_LiDAR_508000_4179000_512000_4183000_05_08,5,8,511264.0,4181977.0,511048.0,4181866.0,511480.0,4182088.0,9.5904,0.7695,8.023648648648647,0.6145,0.1519,0.0031,0.0,0.0,0.0,204,120,120,84,0.4411242450980392,4.50882353981336,3.1977661848068237,2.0615234375,10.638964653015137,9.173470962121721,9.09812919262626,12.72013657999877,4.651690023856882,1.326340567650856,0.4850360802319905,16.53039191682751,6.045081252575546,12.512512512512512,155.94541910331384
conf025,0.25,PNOA_area_LiDAR_508000_4179000_512000_4183000_05_09,5,9,511696.0,4181977.0,511480.0,4181866.0,511912.0,4182088.0,9.5904,0.5505,5.740115115115114,0.5103,0.0402,0.0,0.0,0.0,0.0,369,235,234,135,0.48460156639566393,2.82492547846855,2.4615478515625,2.0118408203125,7.59112548828125,7.372655016022504,6.682352580053841,8.335101276346093,2.723616495223346,0.8691088251111624,0.2839940456313966,15.140965079647762,4.94753223473814,24.399399399399396,425.06811989100817
conf025,0.25,PNOA_area_LiDAR_508000_4179000_512000_4183000_05_10,5,10,511956.0,4181977.0,511912.0,4181866.0,512000.0,4182088.0,1.9536,0.0921,4.714373464373464,0.0921,0.0,0.0,0.0,0.0,0.0,283,169,169,114,0.6039808621908127,2.380639434566159,2.3208861351013184,2.0016541481018066,3.091076612472534,5.947451018619892,5.937171479275734,2.2245289040586695,0.5960023113383605,1.138681871446903,0.30507898819531143,24.15340829596818,6.4712520232178115,86.5069615069615,1834.9619978284472
conf025,0.25,PNOA_area_LiDAR_508000_4179000_512000_4183000_06_01,6,1,508228.0,4181755.0,508000.0,4181644.0,508456.0,4181866.0,10.1232,0.0,0.0,0.0,0.0,0.0,0.0,0.0,0.0,359,0,0,359,0.47535427298050137,,,,,,,0.0,0.0,0.0,0.0,,,0.0,
conf025,0.25,PNOA_area_LiDAR_508000_4179000_512000_4183000_06_02,6,2,508672.0,4181755.0,508456.0,4181644.0,508888.0,4181866.0,9.5904,0.0,0.0,0.0,0.0,0.0,0.0,0.0,0.0,65,0,0,65,0.47630076923076925,,,,,,,0.0,0.0,0.0,0.0,,,0.0,
conf025,0.25,PNOA_area_LiDAR_508000_4179000_512000_4183000_06_03,6,3,509104.0,4181755.0,508888.0,4181644.0,509320.0,4181866.0,9.5904,1.0337,10.778486820153486,0.4349,0.5501,0.0484,0.0003,0.0,0.0,53,33,33,20,0.4176079433962264,9.64004136576797,9.26611328125,4.916052341461182,13.877667427062988,11.01359627274962,10.710682045777464,16.93640726889492,7.265901132518477,1.765975065575463,0.7576223236276356,16.384257781653208,7.029023055546557,3.4409409409409406,31.924155944664793
conf025,0.25,PNOA_area_LiDAR_508000_4179000_512000_4183000_06_04,6,4,509536.0,4181755.0,509320.0,4181644.0,509752.0,4181866.0,9.5904,3.7989,39.611486486486484,2.5108,1.1148,0.1611,0.0122,0.0,0.0,200,198,197,3,0.45461888,8.612378073461128,8.248284816741943,2.64019775390625,16.47225570678711,9.549366552190428,9.231149900949845,66.35062121555849,27.523930846939148,6.9184414847721145,2.86994607596546,17.465745667313826,7.245237002010884,20.541374708041374,51.857116533733446
conf025,0.25,PNOA_area_LiDAR_508000_4179000_512000_4183000_06_05,6,5,509968.0,4181755.0,509752.0,4181644.0,510184.0,4181866.0,9.5904,5.6535,58.94957457457457,3.4553,1.8587,0.3166,0.0228,0.0001,0.0,271,270,270,1,0.43743012915129154,9.374156208391543,9.435333251953125,2.642718553543091,17.603221893310547,9.194007454765039,8.874974633184975,96.80911635586565,40.227568658019386,10.094377331067072,4.194566301511864,17.12374924486878,7.115515814631535,28.153153153153152,47.75802600159193
conf025,0.25,PNOA_area_LiDAR_508000_4179000_512000_4183000_06_06,6,6,510400.0,4181755.0,510184.0,4181644.0,510616.0,4181866.0,9.5904,5.2536,54.77977977977977,1.9631,2.2894,0.8879,0.1119,0.0013,0.0,397,395,395,2,0.44883362468513854,12.141307198246823,12.593005180358887,2.288409471511841,18.630712509155273,8.763519062619924,8.558279988042603,200.7889409376095,86.03338938871389,20.936451132133122,8.97078217683453,38.21930503609135,16.376082950493736,41.18702035368702,75.18653875437795
conf025,0.25,PNOA_area_LiDAR_508000_4179000_512000_4183000_06_07,6,7,510832.0,4181755.0,510616.0,4181644.0,511048.0,4181866.0,9.5904,4.361,45.47255588922255,1.5581,2.0722,0.7043,0.0264,0.0,0.0,350,338,338,12,0.45237449714285716,10.520666735412101,11.26953125,2.0035400390625,17.046361923217773,8.978845287593524,8.573043107080153,142.2240199254139,59.91885894482287,14.829831907471418,6.247795602354737,32.61270807737076,13.7397062473797,35.243576910243576,77.50515936711764
conf025,0.25,PNOA_area_LiDAR_508000_4179000_512000_4183000_06_08,6,8,511264.0,4181755.0,511048.0,4181644.0,511480.0,4181866.0,9.5904,0.8005,8.346888555221888,0.5781,0.2141,0.0083,0.0,0.0,0.0,216,147,147,69,0.4359151388888889,5.180017977344747,3.987652540206909,2.019775390625,10.987060546875,9.794886131974765,9.51478730742748,23.5916950155291,9.126285351803881,2.4599281589432245,0.9516063304767143,29.47119926986771,11.400731232734392,15.327827827827827,183.63522798251094
conf025,0.25,PNOA_area_LiDAR_508000_4179000_512000_4183000_06_09,6,9,511696.0,4181755.0,511480.0,4181644.0,511912.0,4181866.0,9.5904,0.127,1.324240907574241,0.1256,0.0014,0.0,0.0,0.0,0.0,225,60,60,165,0.46230384444444445,2.9804471850395204,2.6993255615234375,2.0032958984375,5.113549709320068,8.023656032319014,7.916893588775833,2.3317776358335647,0.7374655608618068,0.243136640373036,0.07689622548192013,18.36045382546114,5.806815439856747,6.256256256256256,472.4409448818898
conf025,0.25,PNOA_area_LiDAR_508000_4179000_512000_4183000_06_10,6,10,511956.0,4181755.0,511912.0,4181644.0,512000.0,4181866.0,1.9536,0.0387,1.980958230958231,0.0309,0.0078,0.0,0.0,0.0,0.0,255,72,72,183,0.514620031372549,2.3753976656330957,2.2481231689453125,2.000244140625,7.49615478515625,5.596233663221813,5.643319275098647,1.0648505764878453,0.3155071927772469,0.5450709339106498,0.16150040580325908,27.515518772295746,8.152640640238939,36.85503685503686,1860.46511627907
conf025,0.25,PNOA_area_LiDAR_508000_4179000_512000_4183000_07_01,7,1,508228.0,4181533.0,508000.0,4181422.0,508456.0,4181644.0,10.1232,0.0,0.0,0.0,0.0,0.0,0.0,0.0,0.0,476,0,0,476,0.4681726785714286,,,,,,,0.0,0.0,0.0,0.0,,,0.0,
conf025,0.25,PNOA_area_LiDAR_508000_4179000_512000_4183000_07_02,7,2,508672.0,4181533.0,508456.0,4181422.0,508888.0,4181644.0,9.5904,0.0,0.0,0.0,0.0,0.0,0.0,0.0,0.0,156,0,0,156,0.5061328846153846,,,,,,,0.0,0.0,0.0,0.0,,,0.0,
conf025,0.25,PNOA_area_LiDAR_508000_4179000_512000_4183000_07_03,7,3,509104.0,4181533.0,508888.0,4181422.0,509320.0,4181644.0,9.5904,0.0,0.0,0.0,0.0,0.0,0.0,0.0,0.0,0,0,0,0,,,,,,,,0.0,0.0,0.0,0.0,,,0.0,
conf025,0.25,PNOA_area_LiDAR_508000_4179000_512000_4183000_07_04,7,4,509536.0,4181533.0,509320.0,4181422.0,509752.0,4181644.0,9.5904,3.7154,38.74082415749082,1.4581,1.6002,0.5644,0.0856,0.0071,0.0,240,239,239,1,0.4461510416666667,12.641374663827808,12.317865371704102,5.4976806640625,22.75653076171875,8.79355870561329,8.537113465376384,131.96882149622942,57.26445355889931,13.760512751942507,5.971018263982661,35.51941150245719,15.412729062523367,24.920754087420754,64.32685578941702
conf025,0.25,PNOA_area_LiDAR_508000_4179000_512000_4183000_07_05,7,5,509968.0,4181533.0,509752.0,4181422.0,510184.0,4181644.0,9.5904,6.3848,66.5749082415749,2.2048,2.7657,1.187,0.2167,0.0106,0.0,462,461,461,1,0.44871217316017314,13.152957641121622,13.26568603515625,2.444580078125,22.005151748657227,8.728173239863974,8.506727330840567,268.1589623216674,116.91353335188994,27.96118642826862,12.190683741229764,41.99958688160434,18.311228754524798,48.0689022355689,72.20273148728229
conf025,0.25,PNOA_area_LiDAR_508000_4179000_512000_4183000_07_06,7,6,510400.0,4181533.0,510184.0,4181422.0,510616.0,4181644.0,9.5904,7.0333,73.33687854521187,2.1256,3.3685,1.3764,0.16,0.0028,0.0,549,549,549,0,0.45520582877959925,12.903060141808348,12.878039360046387,2.261798143386841,19.735363006591797,8.468176089251333,8.270831426827346,290.72613368026873,124.62857034534605,30.31428654490623,12.995137882189068,41.3356651472664,17.719785924864013,57.24474474474474,78.05724197745013
conf025,0.25,PNOA_area_LiDAR_508000_4179000_512000_4183000_07_07,7,7,510832.0,4181533.0,510616.0,4181422.0,511048.0,4181644.0,9.5904,4.1743,43.52581748415081,1.67,1.9168,0.5557,0.0318,0.0,0.0,366,359,359,7,0.4493555,9.944984776063881,10.946069717407227,2.0447998046875,17.87237548828125,8.909994168570218,8.668314243767206,133.69280771684882,55.64060216868034,13.940274411583335,5.801697756994529,32.027599290144174,13.329325196722886,37.43326659993326,86.00244352346502
conf025,0.25,PNOA_area_LiDAR_508000_4179000_512000_4183000_07_08,7,8,511264.0,4181533.0,511048.0,4181422.0,511480.0,4181644.0,9.5904,1.2572,13.108942275608943,1.1713,0.085,0.0009,0.0,0.0,0.0,209,159,159,50,0.44969635406698566,4.022697003382556,3.5157713890075684,2.0047607421875,9.450872421264648,9.512318681546716,9.385364352859618,14.121741109104754,4.997780214717585,1.4724871860511295,0.521123228928677,11.232692578034325,3.9753262923302453,16.57907907907908,126.47152402163537
conf025,0.25,PNOA_area_LiDAR_508000_4179000_512000_4183000_07_09,7,9,511696.0,4181533.0,511480.0,4181422.0,511912.0,4181644.0,9.5904,0.1946,2.0291124457791123,0.1874,0.0072,0.0,0.0,0.0,0.0,125,68,68,57,0.428178992,3.3217662257306717,3.1464020013809204,2.029541015625,6.821612358093262,8.838003172134986,8.4199973637119,3.736649819253467,1.2465307416566427,0.3896239801523885,0.12997692918508535,19.20169485741761,6.40560504448429,7.090423757090424,349.43473792394656
conf025,0.25,PNOA_area_LiDAR_508000_4179000_512000_4183000_07_10,7,10,511956.0,4181533.0,511912.0,4181422.0,512000.0,4181644.0,1.9536,0.1362,6.97174447174447,0.1223,0.0139,0.0,0.0,0.0,0.0,193,103,103,90,0.588088310880829,2.7811246196043142,2.579437255859375,2.0018310546875,7.123999118804932,6.147308188575623,5.952825756633524,2.6926891271559903,0.8714914155277599,1.3783216252845978,0.4460951144183865,19.770111065756172,6.398615385666373,52.72317772317772,756.2408223201176
conf025,0.25,PNOA_area_LiDAR_508000_4179000_512000_4183000_08_01,8,1,508228.0,4181311.0,508000.0,4181200.0,508456.0,4181422.0,10.1232,0.0,0.0,0.0,0.0,0.0,0.0,0.0,0.0,516,0,0,516,0.4817885465116279,,,,,,,0.0,0.0,0.0,0.0,,,0.0,
conf025,0.25,PNOA_area_LiDAR_508000_4179000_512000_4183000_08_02,8,2,508672.0,4181311.0,508456.0,4181200.0,508888.0,4181422.0,9.5904,0.0,0.0,0.0,0.0,0.0,0.0,0.0,0.0,102,0,0,102,0.4954897745098039,,,,,,,0.0,0.0,0.0,0.0,,,0.0,
conf025,0.25,PNOA_area_LiDAR_508000_4179000_512000_4183000_08_03,8,3,509104.0,4181311.0,508888.0,4181200.0,509320.0,4181422.0,9.5904,0.0,0.0,0.0,0.0,0.0,0.0,0.0,0.0,0,0,0,0,,,,,,,,0.0,0.0,0.0,0.0,,,0.0,
conf025,0.25,PNOA_area_LiDAR_508000_4179000_512000_4183000_08_04,8,4,509536.0,4181311.0,509320.0,4181200.0,509752.0,4181422.0,9.5904,3.7586,39.191274607941274,2.0035,1.1145,0.4827,0.1418,0.0161,0.0,219,219,218,1,0.4569746255707762,12.398262364679276,13.02191162109375,2.847576856613159,22.23974609375,9.280610512651727,9.13215221005157,133.38130998476117,59.17940681981063,13.907794250996952,6.17069223596624,35.48696588750098,15.745066466187046,22.731064397731064,58.000319267812486
conf025,0.25,PNOA_area_LiDAR_508000_4179000_512000_4183000_08_05,8,5,509968.0,4181311.0,509752.0,4181200.0,510184.0,4181422.0,9.5904,7.424,77.41074407741074,2.4072,3.7881,1.108,0.116,0.0047,0.0,476,476,476,0,0.44510709243697477,11.949947162836539,11.658392429351807,4.42864990234375,21.908239364624023,8.482003106314822,8.20377621891138,220.99286426416688,93.52315077549912,23.04313316067806,9.75174661906689,29.767357794203512,12.597407162648048,49.63296629963296,64.11637931034483
conf025,0.25,PNOA_area_LiDAR_508000_4179000_512000_4183000_08_06,8,6,510400.0,4181311.0,510184.0,4181200.0,510616.0,4181422.0,9.5904,7.3267,76.39618785452117,1.921,4.0834,1.2754,0.0469,0.0,0.0,535,535,535,0,0.4566085401869159,12.028606790025657,12.0921630859375,4.612902641296387,18.4122314453125,8.333737333808383,8.098130579905444,240.8178721492783,101.03031067803109,25.11030532087069,10.534525220849087,32.868531828692085,13.7893336260569,55.78495161828495,73.0205959026574
conf025,0.25,PNOA_area_LiDAR_508000_4179000_512000_4183000_08_07,8,7,510832.0,4181311.0,510616.0,4181200.0,511048.0,4181422.0,9.5904,4.9376,51.48481815148481,2.0452,2.4309,0.4499,0.0116,0.0,0.0,355,348,348,7,0.44162767323943664,9.69208887664751,10.064312934875488,2.2583985328674316,16.052906036376953,8.650570833632923,8.498665024616098,118.79710061255899,48.62967014658529,12.387085065540434,5.070661301570872,24.059684991202,9.848847647963645,36.286286286286284,70.4795852235904
conf025,0.25,PNOA_area_LiDAR_508000_4179000_512000_4183000_08_08,8,8,511264.0,4181311.0,511048.0,4181200.0,511480.0,4181422.0,9.5904,0.2883,3.006131131131131,0.1999,0.087,0.0014,0.0,0.0,0.0,81,46,46,35,0.4575793086419753,6.285716155300969,6.823919773101807,2.02197265625,11.318695068359375,9.434654796162308,8.970419840838463,9.443992835234292,3.700308863037229,0.9847339876578965,0.3858346745742856,32.75751937299442,12.834924949834301,4.796463129796463,159.55601803676726
conf025,0.25,PNOA_area_LiDAR_508000_4179000_512000_4183000_08_09,8,9,511696.0,4181311.0,511480.0,4181200.0,511912.0,4181422.0,9.5904,0.1688,1.7600934267600934,0.1648,0.0039,0.0001,0.0,0.0,0.0,81,48,48,33,0.4360658024691358,3.460044731696447,3.1522339582443237,2.049072265625,7.8485107421875,8.066712314638924,7.731269176781653,2.468755115579465,0.8219798789196907,0.25741941061681106,0.08570861266680124,14.625326514096356,4.869549045732764,5.005005005005005,284.3601895734597
conf025,0.25,PNOA_area_LiDAR_508000_4179000_512000_4183000_08_10,8,10,511956.0,4181311.0,511912.0,4181200.0,512000.0,4181422.0,1.9536,0.0666,3.4090909090909096,0.0524,0.0123,0.0019,0.0,0.0,0.0,26,20,20,6,0.5271003461538462,4.388002002239228,3.1443389654159546,2.088543653488159,10.94854736328125,6.4535197223349,5.680162740687983,1.4417264665017424,0.5233035807735784,0.7379844730250524,0.2678662882747637,21.647544542068204,7.857411122726402,10.237510237510238,300.30030030030025
conf025,0.25,PNOA_area_LiDAR_508000_4179000_512000_4183000_09_01,9,1,508228.0,4181089.0,508000.0,4180978.0,508456.0,4181200.0,10.1232,0.3935,3.887110795005532,0.1316,0.1557,0.0956,0.0106,0.0,0.0,558,76,76,482,0.4920541863799283,10.963081623378553,12.386538982391357,2.78125,16.97344970703125,8.449258423301895,8.081259996341274,33.94637074291529,14.56169979651968,3.3533241211193388,1.438448296637395,86.26777825391433,37.00559033423044,7.507507507507507,193.138500635324
conf025,0.25,PNOA_area_LiDAR_508000_4179000_512000_4183000_09_02,9,2,508672.0,4181089.0,508456.0,4180978.0,508888.0,4181200.0,9.5904,0.1739,1.8132716049382713,0.0596,0.0827,0.0285,0.0031,0.0,0.0,115,24,24,91,0.4714953913043478,10.706012785434723,10.590083122253418,3.778298854827881,17.457836151123047,10.519040842577056,10.185377023983037,13.793306703466202,6.022008920180818,1.4382410226336964,0.6279205163685371,79.31746235460726,34.62914847717549,2.5025025025025025,138.01035077630823
conf025,0.25,PNOA_area_LiDAR_508000_4179000_512000_4183000_09_03,9,3,509104.0,4181089.0,508888.0,4180978.0,509320.0,4181200.0,9.5904,0.1556,1.6224557891224556,0.1179,0.0333,0.0044,0.0,0.0,0.0,3,3,3,0,0.3368773333333333,9.05866813659668,9.14434814453125,5.354504585266113,12.677151679992676,11.495499415599973,11.617045501585752,1.4416069613257656,0.611839236748427,0.15031770951428153,0.06379705087883998,9.264826229600036,3.9321287708767803,0.3128128128128128,19.280205655526995
conf025,0.25,PNOA_area_LiDAR_508000_4179000_512000_4183000_09_04,9,4,509536.0,4181089.0,509320.0,4180978.0,509752.0,4181200.0,9.5904,4.8253,50.31385552218885,2.2365,1.8282,0.6702,0.0873,0.0026,0.0005,341,340,340,1,0.4585219765395894,11.154286302538479,11.501864910125732,2.497021436691284,18.53289794921875,9.073737194637623,8.688920387275548,175.7886458937581,76.883267035153,18.329646927527328,8.016690339834938,36.43061486203098,15.933365186652226,35.452118785452114,70.46194019024723
conf025,0.25,PNOA_area_LiDAR_508000_4179000_512000_4183000_09_05,9,5,509968.0,4181089.0,509752.0,4180978.0,510184.0,4181200.0,9.5904,7.5303,78.51914414414415,1.6244,4.0945,1.708,0.1034,0.0,0.0,575,574,574,1,0.4442564139130435,12.026201332072347,12.064019680023193,2.557373046875,17.735986709594727,8.109869535753917,7.9073510588972535,251.04756877425731,105.2742225045352,26.1769653793645,10.977041886108525,33.338322347616604,13.980083463412507,59.851518184851514,76.22538278687436
conf025,0.25,PNOA_area_LiDAR_508000_4179000_512000_4183000_09_06,9,6,510400.0,4181089.0,510184.0,4180978.0,510616.0,4181200.0,9.5904,6.9667,72.64243410076743,1.8354,3.5743,1.4325,0.1243,0.0002,0.0,532,532,532,0,0.4775986917293233,12.004382812887206,12.035888671875,4.660711765289307,17.548791885375977,8.188626339658434,8.077690800890707,233.5316741847658,97.7711447883557,24.35056662754064,10.194688937724775,33.52113255698764,14.034068466900496,55.472138805472134,76.36327098913402
conf025,0.25,PNOA_area_LiDAR_508000_4179000_512000_4183000_09_07,9,7,510832.0,4181089.0,510616.0,4180978.0,511048.0,4181200.0,9.5904,5.0515,52.67246413079746,1.8117,2.722,0.4975,0.0196,0.0007,0.0,390,377,377,13,0.44313485384615386,9.65455748484685,9.7061767578125,2.01220703125,18.850635528564453,8.600893124223237,8.37268118413817,122.1787451202336,49.49677799514084,12.739692308999999,5.161075449943781,24.186626768332893,9.798431751982745,39.31014347681014,74.63129763436604
conf025,0.25,PNOA_area_LiDAR_508000_4179000_512000_4183000_09_08,9,8,511264.0,4181089.0,511048.0,4180978.0,511480.0,4181200.0,9.5904,1.4726,15.354938271604937,0.7336,0.6778,0.0612,0.0,0.0,0.0,239,184,184,55,0.47458383263598325,7.771676702343899,8.48675537109375,2.009033203125,12.360204696655273,9.613336043015847,9.435065883844693,53.761762558845895,21.734203047302785,5.60578938926905,2.2662457298238636,36.50805552006376,14.759067667596621,19.18585251918585,124.94906967268777
conf025,0.25,PNOA_area_LiDAR_508000_4179000_512000_4183000_09_09,9,9,511696.0,4181089.0,511480.0,4180978.0,511912.0,4181200.0,9.5904,0.253,2.6380547213880545,0.2313,0.0212,0.0005,0.0,0.0,0.0,130,61,60,70,0.46425211538461536,3.9822040542227324,3.43450927734375,2.0228271484375,9.325983047485352,7.876377690734606,7.8919853887159555,4.352226809367866,1.5340811776198302,0.45381077007923193,0.1599600827514838,17.20247750738287,6.063561966876799,6.256256256256256,237.15415019762847
conf025,0.25,PNOA_area_LiDAR_508000_4179000_512000_4183000_09_10,9,10,511956.0,4181089.0,511912.0,4180978.0,512000.0,4181200.0,1.9536,0.1268,6.49058149058149,0.1151,0.0117,0.0,0.0,0.0,0.0,77,42,42,35,0.4809967272727273,3.804069303330921,3.588751196861267,2.0430908203125,6.828711032867432,6.487552046462648,6.234112399671988,2.010592127183137,0.6664073816015603,1.0291728742747424,0.34111761957491826,15.856404788510543,5.255578719255208,21.4987714987715,331.23028391167196
conf025,0.25,PNOA_area_LiDAR_508000_4179000_512000_4183000_10_01,10,1,508228.0,4180867.0,508000.0,4180756.0,508456.0,4180978.0,10.1232,2.4976,24.67204046151414,0.8428,1.0982,0.5092,0.0474,0.0,0.0,280,277,277,3,0.48935641785714284,11.2749735620478,11.875640869140625,2.181994676589966,18.624053955078125,9.038812266931423,8.759696615069245,139.1706594739269,60.13433409096369,13.747694352964169,5.940249534827297,55.7217566759797,24.07684740989898,27.362889204994467,110.90647021140296
conf025,0.25,PNOA_area_LiDAR_508000_4179000_512000_4183000_10_02,10,2,508672.0,4180867.0,508456.0,4180756.0,508888.0,4180978.0,9.5904,1.9816,20.662328995662328,0.5271,0.908,0.4715,0.0729,0.0021,0.0,156,155,155,1,0.4504684487179487,10.945910150774063,11.030306816101074,2.9932799339294434,19.952423095703125,8.854921791641734,8.684354048414107,71.37876953720053,30.544599531793573,7.442731224683071,3.1849140319270908,36.020775906944145,15.414109573977377,16.161995328661995,78.21962050867985
conf025,0.25,PNOA_area_LiDAR_508000_4179000_512000_4183000_10_03,10,3,509104.0,4180867.0,508888.0,4180756.0,509320.0,4180978.0,9.5904,1.7991,18.759384384384383,0.7607,0.8233,0.1969,0.0164,0.0018,0.0,108,107,107,1,0.4499709259259259,9.051272757699557,9.565508842468262,2.025744676589966,22.4268741607666,9.059424322228967,8.701283553453424,36.745973202947525,15.367077944198915,3.8315370790527528,1.602339625479533,20.424641878132135,8.541536292701304,11.15699032365699,59.474181535212054
conf025,0.25,PNOA_area_LiDAR_508000_4179000_512000_4183000_10_04,10,4,509536.0,4180867.0,509320.0,4180756.0,509752.0,4180978.0,9.5904,7.8277,81.62016182849516,1.8792,5.0017,0.9366,0.0102,0.0,0.0,398,398,398,0,0.4464258618090452,10.565035248521584,10.541589260101318,2.3446044921875,15.917455673217773,8.482500585147063,8.300127111347525,147.8713873212682,60.65213459363259,15.418688200832936,6.324254941778506,18.890783668417058,7.74839794494329,41.49983316649983,50.845075820483665
conf025,0.25,PNOA_area_LiDAR_508000_4179000_512000_4183000_10_05,10,5,509968.0,4180867.0,509752.0,4180756.0,510184.0,4180978.0,9.5904,8.1574,85.05797464130798,1.4169,5.2832,1.4229,0.0342,0.0002,0.0,609,609,609,0,0.44983041215106734,11.024380870249079,10.880945205688477,5.785424709320068,17.885204315185547,7.865413362807547,7.67940364563757,210.29337824817438,85.2389456210169,21.927487721906736,8.887944780302895,25.77946137840174,10.449278645281202,63.50100100100099,74.65614043690391
conf025,0.25,PNOA_area_LiDAR_508000_4179000_512000_4183000_10_06,10,6,510400.0,4180867.0,510184.0,4180756.0,510616.0,4180978.0,9.5904,7.4737,77.92897063730396,1.5893,4.2819,1.5599,0.0425,0.0001,0.0,561,561,561,0,0.4609544973262032,11.32622511841609,11.211230278015137,4.789904594421387,16.90241050720215,8.247562919152028,8.118519758322341,223.85895864766803,92.60807094887805,23.34198350930806,9.656330387562358,29.952895974907747,12.39119458218527,58.49599599599599,75.06322169741895
conf025,0.25,PNOA_area_LiDAR_508000_4179000_512000_4183000_10_07,10,7,510832.0,4180867.0,510616.0,4180756.0,511048.0,4180978.0,9.5904,2.5804,26.906072739406074,1.5261,0.9864,0.0648,0.0031,0.0,0.0,312,243,243,69,0.4709785384615385,6.365190730663975,6.365502834320068,2.02880859375,16.133373260498047,8.89651089280233,8.705017364753473,47.01085643187034,18.48576359700546,4.90186607773089,1.927527902590659,18.218437618923552,7.163913965666353,25.337837837837835,94.1714462873973
conf025,0.25,PNOA_area_LiDAR_508000_4179000_512000_4183000_10_08,10,8,511264.0,4180867.0,511048.0,4180756.0,511480.0,4180978.0,9.5904,2.0417,21.288997330663996,1.0764,0.8857,0.0795,0.0001,0.0,0.0,338,297,297,41,0.4811505680473373,7.323663740447073,8.2127685546875,2.0115966796875,14.36383056640625,9.035822818255431,8.984424040523265,77.19831680926855,31.084865320098302,8.04954087517398,3.2412480522291354,37.81080315877384,15.224991585491649,30.968468468468465,145.46701278346475
conf025,0.25,PNOA_area_LiDAR_508000_4179000_512000_4183000_10_09,10,9,511696.0,4180867.0,511480.0,4180756.0,511912.0,4180978.0,9.5904,0.7108,7.411578244911578,0.5789,0.1299,0.002,0.0,0.0,0.0,243,155,154,89,0.4682146748971193,4.512238760917417,3.7293701171875,2.0118408203125,10.31951904296875,8.600396757327594,8.598954512956432,15.494456887306447,5.68191165316491,1.6156215473083964,0.5924582554601382,21.798616892665233,7.99368549966926,16.05772439105772,216.65728756330896
conf025,0.25,PNOA_area_LiDAR_508000_4179000_512000_4183000_10_10,10,10,511956.0,4180867.0,511912.0,4180756.0,512000.0,4180978.0,1.9536,0.1749,8.952702702702704,0.1359,0.0316,0.0063,0.0011,0.0,0.0,130,69,69,61,0.4986121,4.920199891795283,3.614398241043091,2.001953125,16.057031631469727,6.709112612136938,5.941347998224574,6.613044792019317,2.5225087257000354,3.385055687970576,1.2912104451781508,37.81043334487889,14.422577048027646,35.319410319410316,394.51114922813036
conf025,0.25,PNOA_area_LiDAR_508000_4179000_512000_4183000_11_01,11,1,508228.0,4180645.0,508000.0,4180534.0,508456.0,4180756.0,10.1232,3.5463,35.031412991939305,1.2999,1.5665,0.5814,0.098,0.0005,0.0,274,273,272,2,0.4352893284671533,12.734107022757058,13.018404960632324,3.56280517578125,18.9840087890625,8.764051617203384,8.615720934975887,148.76731641345935,64.1271607141192,14.69568085323409,6.334672901268294,41.95000885809417,18.082835832873474,26.86897423739529,76.69965879931196
conf025,0.25,PNOA_area_LiDAR_508000_4179000_512000_4183000_11_02,11,2,508672.0,4180645.0,508456.0,4180534.0,508888.0,4180756.0,9.5904,1.1522,12.014097430764096,0.4133,0.5645,0.1586,0.0157,0.0001,0.0,103,102,102,1,0.4537315339805825,9.889954616041745,9.618035793304443,2.84686279296875,17.329635620117188,9.40578613643927,9.224672021074959,43.75098035646233,18.58624411623311,4.561955742874367,1.9380051005414904,37.971689252267254,16.131091925215337,10.635635635635635,88.52629751779206
conf025,0.25,PNOA_area_LiDAR_508000_4179000_512000_4183000_11_03,11,3,509104.0,4180645.0,508888.0,4180534.0,509320.0,4180756.0,9.5904,2.4891,25.95407907907908,1.013,1.2903,0.1764,0.0094,0.0,0.0,76,76,76,0,0.4161407894736842,9.344895205999675,9.320359706878662,2.368609666824341,17.740102767944336,8.858399135313842,8.466108647773487,24.950259546811242,10.18647721849847,2.60158695641592,1.0621535304573813,10.023807619947467,4.0924338991999,7.9245912579245905,30.53312442248202
conf025,0.25,PNOA_area_LiDAR_508000_4179000_512000_4183000_11_04,11,4,509536.0,4180645.0,509320.0,4180534.0,509752.0,4180756.0,9.5904,5.5315,57.677469135802475,1.9503,2.7371,0.8131,0.031,0.0,0.0,437,434,434,3,0.46384553546910756,10.433433283309233,11.004409790039062,2.0069580078125,17.253265380859375,8.565129188044756,8.508466333534749,168.81062769707424,70.36947357758902,17.602042427539438,7.337490988654176,30.518056168683763,12.721589727486037,45.25358692025358,78.45973063364367
conf025,0.25,PNOA_area_LiDAR_508000_4179000_512000_4183000_11_05,11,5,509968.0,4180645.0,509752.0,4180534.0,510184.0,4180756.0,9.5904,7.2971,76.08754587921254,1.9755,4.0132,1.2481,0.0603,0.0,0.0,590,590,590,0,0.4666091186440678,12.17910555055586,12.332312107086182,3.1955323219299316,17.783838272094727,8.039837973312647,7.803484416473508,254.24080796495159,106.0852053337526,26.509927423772893,11.061603826091988,34.84134902426328,14.537995276719874,61.519853186519846,80.8540379054693
conf025,0.25,PNOA_area_LiDAR_508000_4179000_512000_4183000_11_06,11,6,510400.0,4180645.0,510184.0,4180534.0,510616.0,4180756.0,9.5904,7.8941,82.31252085418751,1.7521,4.6746,1.4232,0.0442,0.0,0.0,546,546,546,0,0.45175742307692307,11.838205431843852,11.80084228515625,5.331072807312012,17.664306640625,8.424229194988522,8.173296206052623,241.52440344283966,101.07828552354124,25.183976001297093,10.53952760297185,30.595559144530682,12.804282378427084,56.93193193193193,69.16557935673478
conf025,0.25,PNOA_area_LiDAR_508000_4179000_512000_4183000_11_07,11,7,510832.0,4180645.0,510616.0,4180534.0,511048.0,4180756.0,9.5904,2.8246,29.452369035702368,1.2606,1.1036,0.4134,0.044,0.0028,0.0002,312,278,278,34,0.4745438717948718,9.180179631967338,8.933120727539062,2.0015869140625,17.639820098876953,9.254517434157064,9.087428587727917,105.74537356458895,44.85295393422199,11.026169248893575,4.6768595610425,37.43729149776568,15.879400245777097,28.987320653987318,98.42101536500742
conf025,0.25,PNOA_area_LiDAR_508000_4179000_512000_4183000_11_08,11,8,511264.0,4180645.0,511048.0,4180534.0,511480.0,4180756.0,9.5904,2.1474,22.39114114114114,1.3298,0.7482,0.0691,0.0003,0.0,0.0,373,301,301,72,0.4673713163538874,6.781792007015393,7.592211723327637,2.0072021484375,13.955530166625977,9.174538207059115,9.054040634923627,71.05870367659158,28.45142637680778,7.409357657302258,2.9666569044886324,33.090576360525084,13.249243912083347,31.38555221888555,140.16950731116697
conf025,0.25,PNOA_area_LiDAR_508000_4179000_512000_4183000_11_09,11,9,511696.0,4180645.0,511480.0,4180534.0,511912.0,4180756.0,9.5904,0.465,4.848598598598598,0.4129,0.0509,0.0012,0.0,0.0,0.0,339,199,199,140,0.46077929793510325,3.205808244158874,2.5017333030700684,2.0079345703125,10.48516845703125,7.4299159693300725,6.599750540761832,10.306367651525745,3.606580979285742,1.0746546183189174,0.37606158025585396,22.164231508657515,7.756088127496219,20.749916583249917,427.9569892473118
conf025,0.25,PNOA_area_LiDAR_508000_4179000_512000_4183000_11_10,11,10,511956.0,4180645.0,511912.0,4180534.0,512000.0,4180756.0,1.9536,0.0722,3.6957411957411956,0.0532,0.019,0.0,0.0,0.0,0.0,227,51,51,176,0.5515999823788547,3.4946856171477076,2.257080078125,2.0010986328125,7.82647705078125,5.973933447234831,5.298843365785833,2.3707111092322206,0.8276252090688186,1.2135089625472055,0.4236410775331791,32.83533392288394,11.462953034194165,26.105651105651106,706.3711911357341
conf025,0.25,PNOA_area_LiDAR_508000_4179000_512000_4183000_12_01,12,1,508228.0,4180423.0,508000.0,4180312.0,508456.0,4180534.0,10.1232,4.5612,45.05689900426743,1.9987,1.7738,0.6564,0.1316,0.0007,0.0,491,490,490,1,0.46448637067209775,12.021153350752227,12.711321830749512,2.13824462890625,20.040447235107422,8.568879620659752,8.329154013513435,245.1909358548222,105.42261741098126,24.22069462766933,10.413961732553071,53.75579581137029,23.112912700820235,48.40366682471945,107.42786985880907
conf025,0.25,PNOA_area_LiDAR_508000_4179000_512000_4183000_12_02,12,2,508672.0,4180423.0,508456.0,4180312.0,508888.0,4180534.0,9.5904,2.4476,25.521354688021354,1.1559,0.96,0.3149,0.0168,0.0,0.0,244,243,243,1,0.46546520081967213,10.191080946000024,10.81768798828125,2.257956027984619,16.8214168548584,9.388435060845906,8.943710666631885,108.8580960155258,46.20561169992811,11.350735737354626,4.817902454530375,44.47544370629425,18.87792600912245,25.337837837837835,99.28092825625102
conf025,0.25,PNOA_area_LiDAR_508000_4179000_512000_4183000_12_03,12,3,509104.0,4180423.0,508888.0,4180312.0,509320.0,4180534.0,9.5904,0.8858,9.23631965298632,0.5751,0.2468,0.056,0.0073,0.0006,0.0,142,135,135,7,0.4633983309859155,5.913383084756357,4.527822971343994,2.05303955078125,17.102497100830078,8.740352299256443,8.645127021043722,22.21921332847429,8.685412793879076,2.3168182065893275,0.9056361354979016,25.083781133974135,9.80516233221842,14.076576576576576,152.4046060058704
conf025,0.25,PNOA_area_LiDAR_508000_4179000_512000_4183000_12_04,12,4,509536.0,4180423.0,509320.0,4180312.0,509752.0,4180534.0,9.5904,5.9896,62.454120787454116,2.5904,2.7345,0.6417,0.023,0.0,0.0,465,463,463,2,0.4558138430107527,10.894561990033473,10.889147758483887,2.0831298828125,17.786029815673828,8.584962142561249,8.304449819146148,184.7788249889386,76.57568008236719,19.267061331012115,7.984617959873121,30.84994406787408,12.784773621338184,48.27744411077744,77.30065446774408
conf025,0.25,PNOA_area_LiDAR_508000_4179000_512000_4183000_12_05,12,5,509968.0,4180423.0,509752.0,4180312.0,510184.0,4180534.0,9.5904,6.7287,70.16078578578579,2.022,3.1591,1.413,0.1343,0.0003,0.0,667,667,667,0,0.47840821739130435,13.304396056699968,13.576868057250977,4.302984714508057,19.03656005859375,7.89411970825933,7.702323945193481,322.61344423419234,136.1714378861165,33.63920631404241,14.198723503307109,47.94588021968469,20.237406614370755,69.54871538204871,99.12761751898584
conf025,0.25,PNOA_area_LiDAR_508000_4179000_512000_4183000_12_06,12,6,510400.0,4180423.0,510184.0,4180312.0,510616.0,4180534.0,9.5904,8.3911,87.49478645311977,1.9198,5.2176,1.2091,0.0446,0.0,0.0,430,430,430,0,0.4301248,12.13626694346583,12.262524604797363,5.484405517578125,17.30340576171875,8.315862023286975,8.028826766088237,191.6092378277006,80.06356369642211,19.979274881934078,8.348302854565201,22.834817583832944,9.54148606218757,44.8365031698365,51.244771245724635
conf025,0.25,PNOA_area_LiDAR_508000_4179000_512000_4183000_12_07,12,7,510832.0,4180423.0,510616.0,4180312.0,511048.0,4180534.0,9.5904,4.7534,49.56414748081415,1.561,2.6383,0.5367,0.0173,0.0001,0.0,305,291,291,14,0.4519549836065574,9.831488379088464,9.947405815124512,2.333813428878784,17.074634552001953,9.111555084221367,8.719381383416605,111.00921589381632,46.094878290643436,11.575035023963162,4.8063561781201445,23.353644947577802,9.697243718316034,30.342842842842842,61.219337737198636
conf025,0.25,PNOA_area_LiDAR_508000_4179000_512000_4183000_12_08,12,8,511264.0,4180423.0,511048.0,4180312.0,511480.0,4180534.0,9.5904,1.8399,19.184809809809806,1.0739,0.7183,0.0477,0.0,0.0,0.0,375,258,258,117,0.46507719200000003,6.744619088579518,7.3249969482421875,2.022705078125,12.105486869812012,9.308539061301467,9.105519453047245,59.955059836922715,23.944164062752904,6.2515703033160985,2.4966804369737345,32.58604263107925,13.013839916709008,26.9019019019019,140.22501222892546
conf025,0.25,PNOA_area_LiDAR_508000_4179000_512000_4183000_12_09,12,9,511696.0,4180423.0,511480.0,4180312.0,511912.0,4180534.0,9.5904,1.2471,13.003628628628627,0.8809,0.3389,0.0272,0.0001,0.0,0.0,269,158,157,112,0.46887040148698883,5.461477397363397,4.657019138336182,2.0013427734375,13.051403999328613,9.025714142598128,8.517652632925333,29.3274972145513,11.78786142573805,3.0580056321479083,1.2291313632109244,23.51655618198324,9.452218287016317,16.370537203870537,125.89206960147541
conf025,0.25,PNOA_area_LiDAR_508000_4179000_512000_4183000_12_10,12,10,511956.0,4180423.0,511912.0,4180312.0,512000.0,4180534.0,1.9536,0.0162,0.8292383292383292,0.0162,0.0,0.0,0.0,0.0,0.0,138,48,48,90,0.45146735507246377,2.2616393913825354,2.261486768722534,2.001708984375,2.77618408203125,4.872220608673775,4.703880816014223,0.4057371404267552,0.10316434807086398,0.20768690644285176,0.052807303476076976,25.045502495478715,6.36816963400395,24.57002457002457,2962.962962962963
conf025,0.25,PNOA_area_LiDAR_508000_4179000_512000_4183000_13_01,13,1,508228.0,4180201.0,508000.0,4180090.0,508456.0,4180312.0,10.1232,4.4101,43.56428797218271,1.9666,1.5776,0.6919,0.1718,0.0022,0.0,510,510,510,0,0.45969270392156864,12.98598667827307,13.536491394042969,2.4898314476013184,19.81280517578125,8.326507377073243,8.010008502572285,269.58829471558346,116.09259306840298,26.630738769913016,11.467973868776964,61.129746426517194,26.324254114057045,50.37932669511616,115.64363619872566
conf025,0.25,PNOA_area_LiDAR_508000_4179000_512000_4183000_13_02,13,2,508672.0,4180201.0,508456.0,4180090.0,508888.0,4180312.0,9.5904,3.5703,37.22785285285285,1.1642,1.5455,0.7534,0.1062,0.001,0.0,250,250,250,0,0.468898408,13.47856907081604,13.785786151885986,2.172293186187744,20.74346923828125,8.763115223251715,8.477965397800382,152.67823777846579,66.61753812430366,15.919903004928447,6.946273161109407,42.76341981863311,18.65880685777208,26.06773440106773,70.02212699212951
conf025,0.25,PNOA_area_LiDAR_508000_4179000_512000_4183000_13_03,13,3,509104.0,4180201.0,508888.0,4180090.0,509320.0,4180312.0,9.5904,3.3476,34.90573907240574,1.2434,1.4871,0.5685,0.0477,0.0009,0.0,295,289,289,6,0.4680277152542373,10.050714575295629,11.085290908813477,2.06976318359375,19.411457061767578,8.5251116239747,8.403343754972951,115.39682900070773,49.089255302243224,12.032535556463518,5.1185826766603295,34.47151063469582,14.664014608150085,30.1343009676343,86.33050543673079
conf025,0.25,PNOA_area_LiDAR_508000_4179000_512000_4183000_13_04,13,4,509536.0,4180201.0,509320.0,4180090.0,509752.0,4180312.0,9.5904,4.1195,42.95441274607941,1.9008,1.6847,0.4966,0.0374,0.0,0.0,391,385,385,6,0.4647316138107417,10.365059418492503,10.379437446594238,2.222543239593506,18.1151123046875,8.494975940117596,8.290663597309893,145.09369535101848,60.34156762489026,15.129055654719144,6.291871832758827,35.2211907636894,14.647789203760226,40.14431097764431,93.45794392523364
conf025,0.25,PNOA_area_LiDAR_508000_4179000_512000_4183000_13_05,13,5,509968.0,4180201.0,509752.0,4180090.0,510184.0,4180312.0,9.5904,6.6246,69.07532532532532,2.3508,3.0973,1.0929,0.0836,0.0,0.0,576,575,575,1,0.4474892204861111,12.412425689697265,12.494476318359375,3.0212645530700684,17.780736923217773,8.003549578505417,7.766571822182643,253.32349658803219,105.96595964985204,26.414278506426445,11.049169966826414,38.239817738132444,15.995827619758481,59.95578912245578,86.797693445642
conf025,0.25,PNOA_area_LiDAR_508000_4179000_512000_4183000_13_06,13,6,510400.0,4180201.0,510184.0,4180090.0,510616.0,4180312.0,9.5904,8.0482,83.91933600266933,2.0861,4.3253,1.5654,0.0714,0.0,0.0,541,541,541,0,0.4498155046210721,12.66347021448414,12.722027778625488,4.41241455078125,18.269481658935547,8.376026816829627,8.2579942007814,265.5153391046461,112.2935249126493,27.68553335675739,11.708951129530499,32.99064872948561,13.952626042177046,56.41057724391057,67.21999950299447
conf025,0.25,PNOA_area_LiDAR_508000_4179000_512000_4183000_13_07,13,7,510832.0,4180201.0,510616.0,4180090.0,511048.0,4180312.0,9.5904,4.796,50.00834167500834,1.771,2.3666,0.6517,0.0067,0.0,0.0,336,325,325,11,0.4407381279761905,10.366738807238065,10.997271537780762,2.0941162109375,15.5230712890625,8.488985174386729,8.053379881936264,116.89517454880175,47.99224449630186,12.188769451618466,5.004196331362806,24.373472591493275,10.006723206067942,33.88805472138805,67.76480400333611
conf025,0.25,PNOA_area_LiDAR_508000_4179000_512000_4183000_13_08,13,8,511264.0,4180201.0,511048.0,4180090.0,511480.0,4180312.0,9.5904,1.5807,16.482107107107105,1.0071,0.5476,0.026,0.0,0.0,0.0,406,255,254,152,0.4694608472906404,6.274207667743458,6.484362602233887,2.0277099609375,12.331182479858398,9.10642127110285,8.927718211673234,47.569081519314935,18.41214857758789,4.960072730992965,1.9198519954942326,30.093680976349045,11.648098043643884,26.484818151484816,160.68830265072435
conf025,0.25,PNOA_area_LiDAR_508000_4179000_512000_4183000_13_09,13,9,511696.0,4180201.0,511480.0,4180090.0,511912.0,4180312.0,9.5904,0.1388,1.4472806139472807,0.1268,0.01,0.002,0.0,0.0,0.0,564,157,157,407,0.457061725177305,2.494453964719347,2.177978515625,2.0032958984375,12.039599418640137,5.65455273629615,5.608020130156005,2.725732827770707,0.839476103327879,0.28421471761039235,0.08753296039037776,19.637844580480596,6.048098727146102,16.370537203870537,1131.1239193083572
conf025,0.25,PNOA_area_LiDAR_508000_4179000_512000_4183000_13_10,13,10,511956.0,4180201.0,511912.0,4180090.0,512000.0,4180312.0,1.9536,0.0308,1.5765765765765767,0.0285,0.0023,0.0,0.0,0.0,0.0,181,47,47,134,0.48099006077348067,2.3937760971962136,2.183032274246216,2.0054931640625,6.1395263671875,4.870389015945633,4.717356147660032,0.5545342643980309,0.15806799804362648,0.2838525104412525,0.08091113740971871,18.0043592337023,5.132077858559301,24.05814905814906,1525.9740259740258
conf025,0.25,PNOA_area_LiDAR_508000_4179000_512000_4183000_14_01,14,1,508228.0,4179979.0,508000.0,4179868.0,508456.0,4180090.0,10.1232,3.6498,36.053816974869605,1.4265,1.5582,0.5825,0.0797,0.0029,0.0,327,327,327,0,0.4450003363914373,12.638574969148781,13.166015625,2.45159912109375,21.28139877319336,8.339566683661841,8.032207639115434,164.321978612543,70.29137331709622,16.232216948449402,6.943592274883062,45.0221871369782,19.258965783630945,32.302038880986245,89.59395035344403
conf025,0.25,PNOA_area_LiDAR_508000_4179000_512000_4183000_14_02,14,2,508672.0,4179979.0,508456.0,4179868.0,508888.0,4180090.0,9.5904,2.0082,20.93968968968969,0.6796,0.9586,0.3496,0.0203,0.0001,0.0,171,171,171,0,0.4466815964912281,11.537902242258975,12.386157035827637,2.114758253097534,17.625411987304688,8.704128410288863,8.489461976282394,83.1127286778086,35.61350885650027,8.66624214608448,3.7134539598452894,41.38667895518803,17.734044844388144,17.83033033033033,85.1508813863161
conf025,0.25,PNOA_area_LiDAR_508000_4179000_512000_4183000_14_03,14,3,509104.0,4179979.0,508888.0,4179868.0,509320.0,4180090.0,9.5904,4.901,51.10318651985318,1.9042,2.177,0.7376,0.0819,0.0003,0.0,352,351,351,1,0.4527580596590909,11.406148413986902,11.447613716125488,2.0613067150115967,19.229503631591797,8.597175547869515,8.352474963314846,156.59749856083965,66.19998810662335,16.32856800142222,6.9027348292692015,31.95215232826763,13.507445032977628,36.5990990990991,71.61803713527851
conf025,0.25,PNOA_area_LiDAR_508000_4179000_512000_4183000_14_04,14,4,509536.0,4179979.0,509320.0,4179868.0,509752.0,4180090.0,9.5904,4.5327,47.26288788788789,2.3194,1.9677,0.2432,0.0024,0.0,0.0,404,402,402,2,0.4630133465346535,9.38106222117125,9.503692626953125,2.07391357421875,15.0584716796875,8.290331467674687,8.056378592772155,117.05265710125718,46.73337008401851,12.205190305019308,4.872932316067995,25.824046837703175,10.310272041833457,41.91691691691691,88.68886094380832
conf025,0.25,PNOA_area_LiDAR_508000_4179000_512000_4183000_14_05,14,5,509968.0,4179979.0,509752.0,4179868.0,510184.0,4180090.0,9.5904,4.2372,44.181681681681674,1.7933,1.7307,0.6377,0.0755,0.0,0.0,404,403,403,1,0.4654209430693069,10.71600235366348,10.530548095703125,2.0299072265625,18.395299911499023,8.377557546272737,8.194594250308448,157.16482225473354,65.65120277593005,16.38772337490965,6.8455124682943405,37.09166955884394,15.494006130447005,42.02118785452119,95.10997828754839
conf025,0.25,PNOA_area_LiDAR_508000_4179000_512000_4183000_14_06,14,6,510400.0,4179979.0,510184.0,4179868.0,510616.0,4180090.0,9.5904,8.1426,84.90365365365365,2.2435,4.7742,1.0794,0.0454,0.0001,0.0,453,453,453,0,0.44469093377483443,11.624908013585914,11.785650253295898,5.790380954742432,18.062768936157227,8.173513498836673,7.902547672311798,183.20187426751053,75.8379012886254,19.10263120073308,7.907689073305117,22.499186287857754,9.31372059153408,47.23473473473473,55.63333578955125
conf025,0.25,PNOA_area_LiDAR_508000_4179000_512000_4183000_14_07,14,7,510832.0,4179979.0,510616.0,4179868.0,511048.0,4180090.0,9.5904,2.548,26.568234901568232,1.1966,1.0579,0.2888,0.0047,0.0,0.0,283,229,229,54,0.46870182332155474,7.871018700204042,7.471777439117432,2.017578125,15.351031303405762,9.186433029283874,8.812736860508133,63.03282961999829,25.65593258809575,6.572492244327482,2.6751681460727132,24.73815919152209,10.06904732656819,23.878044711378042,89.87441130298274
conf025,0.25,PNOA_area_LiDAR_508000_4179000_512000_4183000_14_08,14,8,511264.0,4179979.0,511048.0,4179868.0,511480.0,4180090.0,9.5904,1.5521,16.18389222555889,1.0786,0.466,0.0075,0.0,0.0,0.0,332,248,248,84,0.4686430361445783,5.679664856003177,6.431054592132568,2.00634765625,10.8282470703125,9.221464095078165,8.935441426241876,42.8498834766922,16.552142254538676,4.467997526348452,1.7259073922400188,27.607682157523485,10.664352976315106,25.85919252585919,159.78351910315055
conf025,0.25,PNOA_area_LiDAR_508000_4179000_512000_4183000_14_09,14,9,511696.0,4179979.0,511480.0,4179868.0,511912.0,4180090.0,9.5904,0.2871,2.9936186186186187,0.2631,0.024,0.0,0.0,0.0,0.0,405,270,270,135,0.44192223703703704,2.572835530175103,2.3391815423965454,2.00341796875,10.112622261047363,5.908512812831825,5.653453413386069,5.9165673722063215,1.9067191997994795,0.6169260272987905,0.19881539871115692,20.608036824125115,6.64130686102222,28.153153153153152,940.4388714733542
conf025,0.25,PNOA_area_LiDAR_508000_4179000_512000_4183000_14_10,14,10,511956.0,4179979.0,511912.0,4179868.0,512000.0,4180090.0,1.9536,0.0965,4.939598689598689,0.0682,0.0276,0.0007,0.0,0.0,0.0,147,50,50,97,0.5291440952380952,3.305219850540161,2.304559350013733,2.004638671875,9.48065185546875,6.016162349226722,5.378608913234325,2.6712567471660362,0.9959024380590761,1.3673509148065297,0.5097780702595598,27.681417069078094,10.320232518746902,25.593775593775593,518.1347150259068
conf025,0.25,PNOA_area_LiDAR_508000_4179000_512000_4183000_15_01,15,1,508228.0,4179757.0,508000.0,4179646.0,508456.0,4179868.0,10.1232,3.4542,34.12162162162162,1.2291,1.5626,0.5817,0.0789,0.0019,0.0,332,330,330,2,0.4582870120481928,12.167238266540297,12.240153312683105,2.701403856277466,20.493518829345703,8.216447643688449,7.85876919475583,155.25075484752122,66.22625658939911,15.336134310052277,6.5420278755135834,44.94550253243044,19.172675753980403,32.59838786154575,95.53586937641133
conf025,0.25,PNOA_area_LiDAR_508000_4179000_512000_4183000_15_02,15,2,508672.0,4179757.0,508456.0,4179646.0,508888.0,4179868.0,9.5904,2.2108,23.052218885552218,0.9975,0.9688,0.2302,0.0143,0.0,0.0,129,129,129,0,0.449060496124031,10.048092293184856,10.405138969421387,2.7972655296325684,17.4425048828125,9.191659431363531,8.692218113914292,53.47748642234044,22.58665654851225,5.576147649977106,2.355131855659018,24.18920138517299,10.21650829948989,13.45095095095095,58.34991858150896
conf025,0.25,PNOA_area_LiDAR_508000_4179000_512000_4183000_15_03,15,3,509104.0,4179757.0,508888.0,4179646.0,509320.0,4179868.0,9.5904,1.5957,16.638513513513512,1.2067,0.3533,0.0356,0.0001,0.0,0.0,332,317,316,16,0.5032663403614458,4.858138260405147,3.5406737327575684,2.0042724609375,13.020208358764648,8.730742276196782,8.478553537113402,39.382642262753386,14.986110388615339,4.106465034070881,1.5626157812620265,24.68048020477119,9.39155880717888,32.94961628294961,198.0322115685906
conf025,0.25,PNOA_area_LiDAR_508000_4179000_512000_4183000_15_04,15,4,509536.0,4179757.0,509320.0,4179646.0,509752.0,4179868.0,9.5904,6.2122,64.77519185852519,3.0522,3.0086,0.1511,0.0003,0.0,0.0,355,349,349,6,0.438422661971831,8.330989475578155,8.536718368530273,2.040210008621216,14.434789657592773,8.871511698153581,8.571529887227877,96.17422393061096,38.420949276252436,10.028176502607916,4.006188404680976,15.481507989216535,6.184757296328585,36.39055722389055,56.17977528089887
conf025,0.25,PNOA_area_LiDAR_508000_4179000_512000_4183000_15_05,15,5,509968.0,4179757.0,509752.0,4179646.0,510184.0,4179868.0,9.5904,4.8965,51.05626459793125,2.6012,1.968,0.3085,0.0188,0.0,0.0,392,380,380,12,0.45284827806122446,8.659277312379134,8.34197998046875,2.0929017066955566,17.281208038330078,8.709787558251953,8.4328665570695,110.9346415332322,44.95368218834566,11.567259085463817,4.6873625905432155,22.655905551563812,9.180778553731372,39.622956289622955,77.60645358929848
conf025,0.25,PNOA_area_LiDAR_508000_4179000_512000_4183000_15_06,15,6,510400.0,4179757.0,510184.0,4179646.0,510616.0,4179868.0,9.5904,7.2548,75.64647981314648,2.5242,4.0963,0.6263,0.008,0.0,0.0,409,409,409,0,0.44638293643031784,10.254001823789041,10.590723037719727,2.7725830078125,15.748712539672852,8.40699453803323,8.034919753150263,145.35443173650899,59.747624297588736,15.156242882101786,6.229940805137296,20.03562217242501,8.235599092681912,42.64681348014681,56.37646799360423
conf025,0.25,PNOA_area_LiDAR_508000_4179000_512000_4183000_15_07,15,7,510832.0,4179757.0,510616.0,4179646.0,511048.0,4179868.0,9.5904,3.156,32.907907907907905,1.5363,1.5396,0.0801,0.0,0.0,0.0,347,276,275,72,0.4787234409221902,6.436649116053098,6.632891893386841,2.02783203125,12.462060928344727,9.375162650942366,9.176089678313833,58.47765941079261,23.113542070037475,6.097520375666563,2.410070702998569,18.529042905827822,7.3236825316975525,28.674507841174506,87.13561470215463
conf025,0.25,PNOA_area_LiDAR_508000_4179000_512000_4183000_15_08,15,8,511264.0,4179757.0,511048.0,4179646.0,511480.0,4179868.0,9.5904,0.9885,10.307182182182181,0.7066,0.2518,0.0301,0.0,0.0,0.0,231,182,182,49,0.4453265714285714,4.746981514679207,3.112640380859375,2.001220703125,12.507909774780273,8.001084508084956,7.006783786471819,23.757689768321157,9.279727267541915,2.4772365874542412,0.9676058628985146,24.034081707962727,9.387685652546196,18.977310643977308,184.11734951947395
conf025,0.25,PNOA_area_LiDAR_508000_4179000_512000_4183000_15_09,15,9,511696.0,4179757.0,511480.0,4179646.0,511912.0,4179868.0,9.5904,0.4004,4.175008341675008,0.3439,0.0563,0.0002,0.0,0.0,0.0,423,205,205,218,0.458822,3.0569894744128714,2.34613037109375,2.0001220703125,8.714147567749023,6.834133423505571,6.056437182788953,9.71686483412915,3.4525290619085,1.013186606828615,0.3599984423911932,24.267894191131745,8.622699954816433,21.37554220887554,511.98801198801203
conf025,0.25,PNOA_area_LiDAR_508000_4179000_512000_4183000_15_10,15,10,511956.0,4179757.0,511912.0,4179646.0,512000.0,4179868.0,1.9536,0.099,5.0675675675675675,0.0782,0.0208,0.0,0.0,0.0,0.0,214,68,68,146,0.48954506542056075,3.4523396211511947,2.467626929283142,2.0020751953125,8.146631240844727,6.3933854277038,5.978975646480398,3.929419366575345,1.4445498916911115,2.011373549639304,0.739429715239103,39.69110471288227,14.591413047384965,34.80753480753481,686.8686868686868
conf025,0.25,PNOA_area_LiDAR_508000_4179000_512000_4183000_16_01,16,1,508228.0,4179535.0,508000.0,4179424.0,508456.0,4179646.0,10.1232,5.3156,52.50908803540382,1.2695,2.6099,1.3197,0.1145,0.002,0.0,397,397,397,0,0.4470464937027708,11.89607948259983,11.889123916625977,2.5185303688049316,20.532556533813477,8.339321595662446,8.090127271137893,183.1889607770123,77.91036170166392,18.09595392534103,7.696218755103516,34.46251801809999,14.656927101675054,39.21684842737474,74.68583038603356
conf025,0.25,PNOA_area_LiDAR_508000_4179000_512000_4183000_16_02,16,2,508672.0,4179535.0,508456.0,4179424.0,508888.0,4179646.0,9.5904,1.5899,16.578036369703035,1.2443,0.3058,0.0395,0.0003,0.0,0.0,200,195,195,5,0.491053445,4.971417930798653,3.6365966796875,2.0560302734375,13.986581802368164,8.998720798608693,8.723686307025801,27.06505785527947,10.463061965245945,2.8220989588838283,1.0909932813277803,17.02311960203753,6.580956013111481,20.332832832832832,122.64922322158625
conf025,0.25,PNOA_area_LiDAR_508000_4179000_512000_4183000_16_03,16,3,509104.0,4179535.0,508888.0,4179424.0,509320.0,4179646.0,9.5904,2.1355,22.267058725392054,1.3767,0.6931,0.0656,0.0001,0.0,0.0,345,337,337,8,0.4874373391304348,5.298191853022363,3.5393433570861816,2.0447998046875,12.681890487670898,8.857818233084743,8.665003753575,49.65427894443712,19.205233309450055,5.177498221600467,2.0025476840851324,23.251828117273295,8.993319273917141,35.139305972639306,157.80847576679935
conf025,0.25,PNOA_area_LiDAR_508000_4179000_512000_4183000_16_04,16,4,509536.0,4179535.0,509320.0,4179424.0,509752.0,4179646.0,9.5904,2.3984,25.00834167500834,1.6105,0.7579,0.03,0.0,0.0,0.0,350,328,328,22,0.454512,5.378986470583008,4.484945774078369,2.0098876953125,12.648290634155273,8.953600893506755,8.652633357310375,50.817809420300186,19.731093624312873,5.298820635249852,2.0573796321647557,21.188212733614154,8.22677352581424,34.20086753420087,136.75783855903936
conf025,0.25,PNOA_area_LiDAR_508000_4179000_512000_4183000_16_05,16,5,509968.0,4179535.0,509752.0,4179424.0,510184.0,4179646.0,9.5904,3.1354,32.69310977644311,1.7495,1.3336,0.0514,0.0009,0.0,0.0,308,285,285,23,0.4861441331168831,6.462818821689539,7.093597412109375,2.0067138671875,14.236834526062012,9.072320068558291,8.875210529156696,56.44707315752647,21.964468657122616,5.885789243152159,2.2902557408577966,18.003148930766876,7.005316277707028,29.717217217217215,90.8974931428207
conf025,0.25,PNOA_area_LiDAR_508000_4179000_512000_4183000_16_06,16,6,510400.0,4179535.0,510184.0,4179424.0,510616.0,4179646.0,9.5904,4.1716,43.49766433099766,2.372,1.5671,0.231,0.0015,0.0,0.0,456,447,447,9,0.47673761403508774,7.150094325110416,6.443469047546387,2.0279541015625,15.4759521484375,8.38039088575214,8.180664752463057,91.01520688002994,35.618800226982046,9.490240957627412,3.714005696006636,21.817817355458324,8.538402585814088,46.609109109109106,107.15313069325919
conf025,0.25,PNOA_area_LiDAR_508000_4179000_512000_4183000_16_07,16,7,510832.0,4179535.0,510616.0,4179424.0,511048.0,4179646.0,9.5904,0.8503,8.866157824491157,0.6053,0.2295,0.0155,0.0,0.0,0.0,433,244,244,189,0.448997207852194,3.6359281520374487,2.546331763267517,2.0037841796875,12.214184761047363,8.060704000784979,6.655105145257632,19.52079022976604,7.253114467707107,2.0354511000339963,0.7562890460989224,22.957532905758015,8.53006523310256,25.442108775442108,286.9575443960955
conf025,0.25,PNOA_area_LiDAR_508000_4179000_512000_4183000_16_08,16,8,511264.0,4179535.0,511048.0,4179424.0,511480.0,4179646.0,9.5904,0.2717,2.833041374708041,0.2516,0.0156,0.0045,0.0,0.0,0.0,462,215,214,248,0.43727151948051945,2.4422675831373346,2.2098388671875,2.00146484375,12.9417724609375,5.847850975827806,5.7399396224730825,4.33247562274383,1.469824502090352,0.4517512953311468,0.1532599789466917,15.945806487831543,5.40973316926887,22.31398064731398,787.6334192123666
conf025,0.25,PNOA_area_LiDAR_508000_4179000_512000_4183000_16_09,16,9,511696.0,4179535.0,511480.0,4179424.0,511912.0,4179646.0,9.5904,0.8704,9.075742409075742,0.4671,0.3505,0.0528,0.0,0.0,0.0,418,189,189,229,0.45375383971291866,4.506993480460354,2.6001038551330566,2.0009765625,13.211010932922363,7.588720750134655,6.783103621370317,24.6519073862185,9.886740799048452,2.570477496894655,1.0308997329671807,28.322503890416478,11.358847425377357,19.707207207207205,217.14154411764707
conf025,0.25,PNOA_area_LiDAR_508000_4179000_512000_4183000_16_10,16,10,511956.0,4179535.0,511912.0,4179424.0,512000.0,4179646.0,1.9536,0.1461,7.478501228501229,0.1097,0.0325,0.0039,0.0,0.0,0.0,194,103,103,91,0.5726123402061856,3.72534199594294,2.51629638671875,2.00531005859375,13.854510307312012,6.268489355182149,6.09152437260155,5.254506514486246,1.8777458161183502,2.689653211755859,0.9611721007976813,35.965136991692304,12.852469651734086,52.72317772317772,704.996577686516
conf025,0.25,PNOA_area_LiDAR_508000_4179000_512000_4183000_17_01,17,1,508228.0,4179313.0,508000.0,4179202.0,508456.0,4179424.0,10.1232,5.3501,52.849889363047254,1.6142,2.2912,1.15,0.2534,0.0389,0.0024,358,355,355,3,0.45369845530726255,13.368364542974552,13.249658584594727,2.04095458984375,25.535202026367188,8.68413456388243,8.537900851162641,219.35748569708784,97.15130592590047,21.668789088142862,9.596896823721794,41.000632828748586,18.158783186463893,35.067962699541646,66.35389992710417
conf025,0.25,PNOA_area_LiDAR_508000_4179000_512000_4183000_17_02,17,2,508672.0,4179313.0,508456.0,4179202.0,508888.0,4179424.0,9.5904,3.44,35.8692025358692,1.6405,1.2447,0.5088,0.0421,0.0039,0.0,285,278,278,7,0.4803222842105263,6.868724797269423,4.411665439605713,2.0857086181640625,28.189258575439453,8.971531451394137,8.719194006863352,68.77983805268677,28.725397973241105,7.171738202023562,2.995224179725674,19.994138968804293,8.35040638757009,28.987320653987318,80.81395348837209
conf025,0.25,PNOA_area_LiDAR_508000_4179000_512000_4183000_17_03,17,3,509104.0,4179313.0,508888.0,4179202.0,509320.0,4179424.0,9.5904,2.3521,24.525567233900567,1.2652,0.91,0.1738,0.0031,0.0,0.0,293,281,281,12,0.470056228668942,6.506711925900279,5.460424900054932,2.0303955078125,17.8626708984375,8.980820884747283,8.706975805339338,61.29997603838351,24.95679331004115,6.3918059766415904,2.6022682380339868,26.061806912284133,10.610430385630352,29.30013346680013,119.46770970621996
conf025,0.25,PNOA_area_LiDAR_508000_4179000_512000_4183000_17_04,17,4,509536.0,4179313.0,509320.0,4179202.0,509752.0,4179424.0,9.5904,0.639,6.662912912912912,0.564,0.0733,0.0017,0.0,0.0,0.0,275,217,217,58,0.48480215272727273,3.6390269143240794,2.8507080078125,2.005859375,10.264575004577637,8.387941104165227,8.040094149639337,14.76375120267596,5.233406679116981,1.539430180459205,0.5456922212959815,23.10446197601872,8.18999480299997,22.62679346012679,339.59311424100156
conf025,0.25,PNOA_area_LiDAR_508000_4179000_512000_4183000_17_05,17,5,509968.0,4179313.0,509752.0,4179202.0,510184.0,4179424.0,9.5904,0.8681,9.05176009342676,0.6701,0.1894,0.0086,0.0,0.0,0.0,262,204,204,58,0.48831014503816794,4.536016814848956,3.3423309326171875,2.0216064453125,11.863744735717773,9.36202563956504,9.191751978580296,24.775891480332604,9.31512007202834,2.5834054346359485,0.9712963038067587,28.540365718618368,10.730468922967791,21.27127127127127,234.99596820642785
conf025,0.25,PNOA_area_LiDAR_508000_4179000_512000_4183000_17_06,17,6,510400.0,4179313.0,510184.0,4179202.0,510616.0,4179424.0,9.5904,1.1992,12.50417083750417,0.8699,0.3119,0.0172,0.0002,0.0,0.0,171,152,152,19,0.4679045730994152,5.535868801568684,5.292309522628784,2.0076904296875,14.96630859375,9.307459915971537,8.982709074622246,25.171668836936682,9.676588549041279,2.6246735106915957,1.0089869608192858,20.99038428697188,8.069203259707537,15.849182515849181,126.7511674449633
conf025,0.25,PNOA_area_LiDAR_508000_4179000_512000_4183000_17_07,17,7,510832.0,4179313.0,510616.0,4179202.0,511048.0,4179424.0,9.5904,1.4327,14.938897230563896,1.0385,0.3498,0.0442,0.0002,0.0,0.0,401,248,248,153,0.44636786284289276,3.6567514384946516,2.649871826171875,2.0020751953125,13.94482421875,7.9178845950179095,6.4202672282918885,22.197385657087473,8.470933156377358,2.3145422148281063,0.8832721425985732,15.493394051153397,5.9125658940304024,25.85919252585919,173.09974174635303
conf025,0.25,PNOA_area_LiDAR_508000_4179000_512000_4183000_17_08,17,8,511264.0,4179313.0,511048.0,4179202.0,511480.0,4179424.0,9.5904,0.1664,1.7350684017350682,0.1595,0.0069,0.0,0.0,0.0,0.0,475,242,242,233,0.46691320842105266,2.415859307139373,2.295971632003784,2.0013427734375,8.140722274780273,5.999915559315168,5.792477331015114,4.29871051677568,1.3212471575255693,0.44823057607354017,0.13776767992216896,25.833596855623078,7.940187244745008,25.233566900233566,1454.326923076923
conf025,0.25,PNOA_area_LiDAR_508000_4179000_512000_4183000_17_09,17,9,511696.0,4179313.0,511480.0,4179202.0,511912.0,4179424.0,9.5904,0.3451,3.5983900567233897,0.2611,0.0727,0.0111,0.0002,0.0,0.0,365,215,215,150,0.48289898630136985,3.1322369065395623,2.4656004905700684,2.0015869140625,13.1130952835083,6.483324153053744,6.075636682974651,12.75186449795286,5.036615548758693,1.3296488674041604,0.5251726256213185,36.95121558375213,14.594655313702384,22.41825158491825,623.0078238191828
conf025,0.25,PNOA_area_LiDAR_508000_4179000_512000_4183000_17_10,17,10,511956.0,4179313.0,511912.0,4179202.0,512000.0,4179424.0,1.9536,0.0435,2.2266584766584763,0.0427,0.0008,0.0,0.0,0.0,0.0,139,47,47,92,0.5411334892086331,2.606049228221812,2.300454616546631,2.0032958984375,7.301461696624756,5.472932738135547,5.207040791274023,0.7469315386469426,0.215015589401326,0.3823359636808674,0.11006121488601864,17.170839968895233,4.942887112674161,24.05814905814906,1080.4597701149426
conf025,0.25,PNOA_area_LiDAR_508000_4179000_512000_4183000_18_01,18,1,508228.0,4179101.0,508000.0,4179000.0,508456.0,4179202.0,9.2112,4.3281,46.98736321000521,2.0511,1.3977,0.6315,0.1891,0.0512,0.0075,276,275,275,1,0.46303874275362317,10.78612511027943,11.148327827453613,2.16534423828125,36.40687561035156,9.215355018705766,8.933625358868397,146.434436161448,66.65616206322738,15.897433142418794,7.236425445460677,33.83342255526628,15.40079066177477,29.85495918012854,63.53827314526004
conf025,0.25,PNOA_area_LiDAR_508000_4179000_512000_4183000_18_02,18,2,508672.0,4179101.0,508456.0,4179000.0,508888.0,4179202.0,8.7264,3.3365,38.234552621928856,1.7062,1.3234,0.3043,0.0026,0.0,0.0,233,230,230,3,0.4817425407725322,6.100842350462209,3.928750514984131,2.00732421875,14.840967178344727,9.296185718034518,8.939135993983525,44.51286116663577,17.797624288382202,5.100942102887305,2.0395150678839156,13.341184224977004,5.334219777725822,26.356802346901357,68.93451221339727
conf025,0.25,PNOA_area_LiDAR_508000_4179000_512000_4183000_18_03,18,3,509104.0,4179101.0,508888.0,4179000.0,509320.0,4179202.0,8.7264,1.2885,14.76553905390539,0.5999,0.5187,0.1692,0.0007,0.0,0.0,156,131,131,25,0.4471964423076923,6.050707711518266,3.454333543777466,2.0045166015625,14.338793754577637,8.92592948169624,8.617733439751266,26.44391764099753,10.794059019457329,3.030335263223956,1.2369429569418464,20.523024944507203,8.377228575442242,15.011917858452511,101.6686069072565
conf025,0.25,PNOA_area_LiDAR_508000_4179000_512000_4183000_18_04,18,4,509536.0,4179101.0,509320.0,4179000.0,509752.0,4179202.0,8.7264,0.3236,3.7082874954162084,0.2827,0.0402,0.0007,0.0,0.0,0.0,209,154,154,55,0.47527263636363637,3.2768549594012173,2.6352967023849487,2.0001220703125,9.951397895812988,8.781010995249241,8.582864035488015,9.625346379508294,3.3885472198548787,1.1030145741094028,0.38830986659503103,29.744580900829092,10.471406736263532,17.647598093142648,475.8961681087763
conf025,0.25,PNOA_area_LiDAR_508000_4179000_512000_4183000_18_05,18,5,509968.0,4179101.0,509752.0,4179000.0,510184.0,4179202.0,8.7264,0.7051,8.080078841217455,0.5749,0.1285,0.0017,0.0,0.0,0.0,194,163,163,31,0.519174675257732,4.327556857302145,3.4251708984375,2.035400390625,11.580535888671875,8.80496083729683,8.463649565215226,16.10612257488298,5.862448862487128,1.84567777948329,0.6718061127712605,22.842323890062378,8.314350960838361,18.678951228456178,231.17288327896753
conf025,0.25,PNOA_area_LiDAR_508000_4179000_512000_4183000_18_06,18,6,510400.0,4179101.0,510184.0,4179000.0,510616.0,4179202.0,8.7264,1.8435,21.125550055005498,1.356,0.4676,0.0199,0.0,0.0,0.0,200,174,174,26,0.471699155,5.837218338045581,5.536144971847534,2.01513671875,11.998693466186523,10.452977677874916,9.987701775517428,34.277583509614246,13.238465471292223,3.928032580401339,1.5170592078396845,18.593752920864794,7.181158378786126,19.93949394939494,94.38567941415786
conf025,0.25,PNOA_area_LiDAR_508000_4179000_512000_4183000_18_07,18,7,510832.0,4179101.0,510616.0,4179000.0,511048.0,4179202.0,8.7264,0.5616,6.435643564356436,0.5141,0.047,0.0005,0.0,0.0,0.0,160,138,138,22,0.49799735,3.2934743718824526,2.64593505859375,2.008056640625,10.200769424438477,8.55605253987859,6.818632395531685,10.09909253183982,3.668616702124863,1.1573034162816076,0.4204043708888961,17.982714622221902,6.532437147658231,15.814081408140813,245.72649572649573
conf025,0.25,PNOA_area_LiDAR_508000_4179000_512000_4183000_18_08,18,8,511264.0,4179101.0,511048.0,4179000.0,511480.0,4179202.0,8.7264,0.2422,2.7754858819215253,0.2244,0.013,0.004,0.0008,0.0,0.0,429,203,203,226,0.4330115664335664,2.517991026046828,2.305126905441284,2.00146484375,15.643206596374512,6.105276659886751,5.992719197086686,4.479307947365869,1.4881108004560997,0.5133053661722897,0.1705297488604808,18.49425246641564,6.144140381734515,23.262742940960763,838.150289017341
conf025,0.25,PNOA_area_LiDAR_508000_4179000_512000_4183000_18_09,18,9,511696.0,4179101.0,511480.0,4179000.0,511912.0,4179202.0,8.7264,0.4521,5.180830583058306,0.3874,0.0584,0.0051,0.0012,0.0,0.0,462,306,306,156,0.4728296645021645,2.9636664593141844,2.3822021484375,2.00048828125,18.804285049438477,6.230932674543883,5.874778304921683,14.09788933128298,5.488828784559255,1.615544707013543,0.628991197350483,31.18312172369604,12.140740509974021,35.06600660066007,676.8414067684141
conf025,0.25,PNOA_area_LiDAR_508000_4179000_512000_4183000_18_10,18,10,511956.0,4179101.0,511912.0,4179000.0,512000.0,4179202.0,1.7776,0.5108,28.735373537353738,0.2308,0.2212,0.0567,0.0021,0.0,0.0,145,101,101,44,0.526530551724138,8.29404063508062,8.847457885742188,2.03375244140625,17.855682373046875,6.253709054748815,5.753985570334929,17.30095647905102,6.722689141559413,9.732761295595758,3.7818908312102906,33.87031417198712,13.161098554344974,56.81818181818181,197.72905246671885
